Date_Time,Open,High,Low,Close,Volume
2019-01-01 16:00:00,1.14649,1.14678,1.14462,1.14523,2762
2019-01-01 20:00:00,1.14526,1.14791,1.14430,1.14782,2208
2019-01-02 00:00:00,1.14782,1.14970,1.14224,1.14341,8730
2019-01-02 04:00:00,1.14338,1.14416,1.13674,1.13718,7641
2019-01-02 08:00:00,1.13715,1.13754,1.13313,1.13353,10092
2019-01-02 12:00:00,1.13355,1.13480,1.13250,1.13447,4075
2019-01-02 16:00:00,1.13431,1.13526,1.13091,1.13484,11185
2019-01-02 20:00:00,1.13481,1.13716,1.13462,1.13610,3740
2019-01-03 00:00:00,1.13610,1.13840,1.13540,1.13758,9452
2019-01-03 04:00:00,1.13758,1.13796,1.13377,1.13658,8497
2019-01-03 08:00:00,1.13656,1.14112,1.13614,1.13988,16207
2019-01-03 12:00:00,1.13984,1.14068,1.13832,1.13942,5054
2019-01-03 16:00:00,1.13930,1.14120,1.13884,1.14041,3941
2019-01-03 20:00:00,1.14042,1.14077,1.13881,1.13902,2010
2019-01-04 00:00:00,1.13902,1.14190,1.13834,1.14032,5317
2019-01-04 04:00:00,1.14026,1.14156,1.13638,1.13716,9158
2019-01-04 08:00:00,1.13714,1.14180,1.13458,1.14056,15565
2019-01-04 12:00:00,1.14056,1.14109,1.13942,1.13951,5031
2019-01-06 16:00:00,1.13974,1.14233,1.13972,1.14212,3215
2019-01-06 20:00:00,1.14212,1.14301,1.14162,1.14236,1684
2019-01-07 00:00:00,1.14236,1.14480,1.14102,1.14412,5428
2019-01-07 04:00:00,1.14415,1.14590,1.14335,1.14579,4359
2019-01-07 08:00:00,1.14578,1.14728,1.14538,1.14690,7844
2019-01-07 12:00:00,1.14686,1.14827,1.14678,1.14748,3118
2019-01-07 16:00:00,1.14773,1.14848,1.14471,1.14485,2918
2019-01-07 20:00:00,1.14488,1.14535,1.14322,1.14438,2162
2019-01-08 00:00:00,1.14438,1.14612,1.14332,1.14521,5497
2019-01-08 04:00:00,1.14520,1.14696,1.14219,1.14276,5715
2019-01-08 08:00:00,1.14276,1.14555,1.14244,1.14545,6857
2019-01-08 12:00:00,1.14548,1.14594,1.14360,1.14417,2325
2019-01-08 16:00:00,1.14417,1.14664,1.14364,1.14576,2479
2019-01-08 20:00:00,1.14577,1.14641,1.14486,1.14609,1691
2019-01-09 00:00:00,1.14609,1.14785,1.14542,1.14606,5660
2019-01-09 04:00:00,1.14606,1.14643,1.14390,1.14623,5750
2019-01-09 08:00:00,1.14620,1.15404,1.14616,1.15328,15033
2019-01-09 12:00:00,1.15332,1.15584,1.15288,1.15426,8545
2019-01-09 16:00:00,1.15420,1.15610,1.15400,1.15542,4297
2019-01-09 20:00:00,1.15538,1.15702,1.15488,1.15608,2199
2019-01-10 00:00:00,1.15608,1.15613,1.15195,1.15246,7260
2019-01-10 04:00:00,1.15245,1.15454,1.15176,1.15204,6143
2019-01-10 08:00:00,1.15206,1.15307,1.14972,1.15060,8095
2019-01-10 12:00:00,1.15064,1.15136,1.14846,1.15002,4723
2019-01-10 16:00:00,1.14996,1.15228,1.14965,1.15178,2638
2019-01-10 20:00:00,1.15174,1.15310,1.15135,1.15254,1554
2019-01-11 00:00:00,1.15254,1.15322,1.15166,1.15200,4651
2019-01-11 04:00:00,1.15200,1.15406,1.15156,1.15266,7523
2019-01-11 08:00:00,1.15264,1.15270,1.14582,1.14826,11651
2019-01-11 12:00:00,1.14826,1.14840,1.14582,1.14687,3482
2019-01-13 16:00:00,1.14609,1.14773,1.14592,1.14760,1828
2019-01-13 20:00:00,1.14760,1.14814,1.14661,1.14787,1443
2019-01-14 00:00:00,1.14787,1.14820,1.14542,1.14624,6082
2019-01-14 04:00:00,1.14625,1.14736,1.14508,1.14596,7461
2019-01-14 08:00:00,1.14598,1.14805,1.14538,1.14767,6577
2019-01-14 12:00:00,1.14771,1.14771,1.14636,1.14684,2177
2019-01-14 16:00:00,1.14684,1.14898,1.14652,1.14848,2213
2019-01-14 20:00:00,1.14852,1.14895,1.14761,1.14834,1400
2019-01-15 00:00:00,1.14834,1.14834,1.14234,1.14336,6339
2019-01-15 04:00:00,1.14332,1.14440,1.14122,1.14384,7565
2019-01-15 08:00:00,1.14388,1.14550,1.13831,1.13900,11483
2019-01-15 12:00:00,1.13899,1.14176,1.13822,1.14130,8543
2019-01-15 16:00:00,1.14114,1.14146,1.13969,1.13982,2049
2019-01-15 20:00:00,1.13984,1.14154,1.13962,1.14118,1775
2019-01-16 00:00:00,1.14116,1.14248,1.13915,1.14104,6168
2019-01-16 04:00:00,1.14102,1.14114,1.13779,1.13903,5700
2019-01-16 08:00:00,1.13904,1.14108,1.13904,1.13997,6134
2019-01-16 12:00:00,1.13993,1.14100,1.13900,1.13914,3484
2019-01-16 16:00:00,1.13940,1.14008,1.13922,1.13942,2068
2019-01-16 20:00:00,1.13944,1.13965,1.13793,1.13878,1552
2019-01-17 00:00:00,1.13876,1.14018,1.13712,1.13940,5302
2019-01-17 04:00:00,1.13936,1.14060,1.13827,1.13980,5467
2019-01-17 08:00:00,1.13976,1.14006,1.13702,1.13864,6108
2019-01-17 12:00:00,1.13860,1.14006,1.13800,1.13892,4991
2019-01-17 16:00:00,1.13884,1.13998,1.13867,1.13951,2010
2019-01-17 20:00:00,1.13949,1.13974,1.13869,1.13891,1601
2019-01-18 00:00:00,1.13891,1.14010,1.13884,1.13980,4009
2019-01-18 04:00:00,1.13981,1.14104,1.13966,1.13977,4096
2019-01-18 08:00:00,1.13978,1.14006,1.13532,1.13584,8564
2019-01-18 12:00:00,1.13586,1.13722,1.13580,1.13620,2618
2019-01-20 16:00:00,1.13616,1.13776,1.13606,1.13762,2653
2019-01-20 20:00:00,1.13766,1.13803,1.13732,1.13778,1333
2019-01-21 00:00:00,1.13778,1.13914,1.13660,1.13714,3807
2019-01-21 04:00:00,1.13714,1.13801,1.13569,1.13614,3217
2019-01-21 08:00:00,1.13612,1.13712,1.13574,1.13684,2811
2019-01-21 12:00:00,1.13680,1.13722,1.13635,1.13658,3535
2019-01-21 16:00:00,1.13672,1.13730,1.13646,1.13698,3083
2019-01-21 20:00:00,1.13701,1.13710,1.13556,1.13577,1460
2019-01-22 00:00:00,1.13577,1.13651,1.13460,1.13604,4257
2019-01-22 04:00:00,1.13604,1.13674,1.13452,1.13458,3648
2019-01-22 08:00:00,1.13454,1.13716,1.13360,1.13692,5115
2019-01-22 12:00:00,1.13696,1.13738,1.13521,1.13596,2906
2019-01-22 16:00:00,1.13606,1.13676,1.13596,1.13656,2287
2019-01-22 20:00:00,1.13655,1.13689,1.13628,1.13685,1227
2019-01-23 00:00:00,1.13684,1.13724,1.13536,1.13560,3684
2019-01-23 04:00:00,1.13556,1.13701,1.13508,1.13546,4487
2019-01-23 08:00:00,1.13542,1.13946,1.13517,1.13925,6276
2019-01-23 12:00:00,1.13926,1.13935,1.13793,1.13807,2083
2019-01-23 16:00:00,1.13811,1.13915,1.13786,1.13868,2373
2019-01-23 20:00:00,1.13867,1.13904,1.13826,1.13856,1304
2019-01-24 00:00:00,1.13854,1.13882,1.13400,1.13469,8064
2019-01-24 04:00:00,1.13466,1.13590,1.13067,1.13356,11890
2019-01-24 08:00:00,1.13353,1.13806,1.12949,1.12993,11388
2019-01-24 12:00:00,1.12990,1.13138,1.12894,1.13050,4198
2019-01-24 16:00:00,1.13034,1.13159,1.13004,1.13081,4337
2019-01-24 20:00:00,1.13078,1.13281,1.13074,1.13223,1956
2019-01-25 00:00:00,1.13223,1.13347,1.13148,1.13302,5898
2019-01-25 04:00:00,1.13300,1.13580,1.13266,1.13574,5210
2019-01-25 08:00:00,1.13570,1.14148,1.13562,1.14054,9570
2019-01-25 12:00:00,1.14055,1.14176,1.14021,1.14057,4162
2019-01-27 16:00:00,1.14016,1.14190,1.14014,1.14148,3123
2019-01-27 20:00:00,1.14149,1.14260,1.14091,1.14119,1656
2019-01-28 00:00:00,1.14119,1.14157,1.13904,1.14084,3899
2019-01-28 04:00:00,1.14082,1.14239,1.14065,1.14170,3930
2019-01-28 08:00:00,1.14170,1.14439,1.14048,1.14344,6324
2019-01-28 12:00:00,1.14342,1.14392,1.14254,1.14262,1963
2019-01-28 16:00:00,1.14292,1.14342,1.14204,1.14250,1936
2019-01-28 20:00:00,1.14246,1.14339,1.14246,1.14331,1406
2019-01-29 00:00:00,1.14331,1.14502,1.14312,1.14416,4298
2019-01-29 04:00:00,1.14412,1.14461,1.14186,1.14262,4697
2019-01-29 08:00:00,1.14258,1.14399,1.14113,1.14280,7488
2019-01-29 12:00:00,1.14279,1.14408,1.14221,1.14328,6268
2019-01-29 16:00:00,1.14318,1.14412,1.14272,1.14396,2538
2019-01-29 20:00:00,1.14392,1.14458,1.14356,1.14450,1364
2019-01-30 00:00:00,1.14450,1.14502,1.14242,1.14308,5630
2019-01-30 04:00:00,1.14306,1.14410,1.14220,1.14256,4676
2019-01-30 08:00:00,1.14256,1.14267,1.14063,1.14192,4869
2019-01-30 12:00:00,1.14190,1.15018,1.14139,1.14800,10833
2019-01-30 16:00:00,1.14800,1.14958,1.14788,1.14935,1511
2019-01-30 20:00:00,1.14932,1.15089,1.14919,1.15051,1229
2019-01-31 00:00:00,1.15051,1.15144,1.14831,1.14844,5719
2019-01-31 04:00:00,1.14846,1.14958,1.14716,1.14946,5867
2019-01-31 08:00:00,1.14944,1.14954,1.14360,1.14499,7344
2019-01-31 12:00:00,1.14501,1.14505,1.14396,1.14474,2262
2019-01-31 16:00:00,1.14478,1.14500,1.14380,1.14426,864
2019-01-31 20:00:00,1.14424,1.14474,1.14345,1.14368,1204
2019-02-01 00:00:00,1.14368,1.14674,1.14348,1.14666,4062
2019-02-01 04:00:00,1.14670,1.14857,1.14538,1.14738,6272
2019-02-01 08:00:00,1.14736,1.14884,1.14478,1.14686,6533
2019-02-01 12:00:00,1.14689,1.14692,1.14530,1.14562,1910
2019-02-03 16:00:00,1.14521,1.14599,1.14521,1.14582,858
2019-02-03 20:00:00,1.14580,1.14603,1.14415,1.14436,1029
2019-02-04 00:00:00,1.14438,1.14534,1.14380,1.14454,3230
2019-02-04 04:00:00,1.14456,1.14544,1.14408,1.14488,3139
2019-02-04 08:00:00,1.14491,1.14505,1.14244,1.14314,4787
2019-02-04 12:00:00,1.14312,1.14376,1.14268,1.14376,1395
2019-02-04 16:00:00,1.14376,1.14398,1.14332,1.14382,807
2019-02-04 20:00:00,1.14380,1.14404,1.14308,1.14343,1012
2019-02-05 00:00:00,1.14340,1.14341,1.14117,1.14196,2921
2019-02-05 04:00:00,1.14194,1.14332,1.14127,1.14288,3686
2019-02-05 08:00:00,1.14290,1.14340,1.14011,1.14094,4629
2019-02-05 12:00:00,1.14097,1.14172,1.14014,1.14042,1679
2019-02-05 16:00:00,1.14050,1.14096,1.13978,1.14013,1183
2019-02-05 20:00:00,1.14016,1.14064,1.13960,1.13968,1220
2019-02-06 00:00:00,1.13968,1.13982,1.13802,1.13886,3194
2019-02-06 04:00:00,1.13884,1.13988,1.13832,1.13868,2951
2019-02-06 08:00:00,1.13870,1.13901,1.13744,1.13755,3681
2019-02-06 12:00:00,1.13753,1.13758,1.13608,1.13618,1791
2019-02-06 16:00:00,1.13638,1.13689,1.13594,1.13607,928
2019-02-06 20:00:00,1.13609,1.13644,1.13568,1.13597,604
2019-02-07 00:00:00,1.13594,1.13666,1.13403,1.13451,2909
2019-02-07 04:00:00,1.13449,1.13484,1.13247,1.13308,4472
2019-02-07 08:00:00,1.13310,1.13599,1.13308,1.13492,3998
2019-02-07 12:00:00,1.13490,1.13558,1.13364,1.13394,1911
2019-02-07 16:00:00,1.13402,1.13459,1.13354,1.13378,993
2019-02-07 20:00:00,1.13374,1.13436,1.13359,1.13394,768
2019-02-08 00:00:00,1.13394,1.13431,1.13228,1.13258,2748
2019-02-08 04:00:00,1.13261,1.13509,1.13260,1.13470,2556
2019-02-08 08:00:00,1.13468,1.13490,1.13212,1.13296,4039
2019-02-08 12:00:00,1.13299,1.13310,1.13213,1.13224,1086
2019-02-10 16:00:00,1.13202,1.13278,1.13150,1.13274,1250
2019-02-10 20:00:00,1.13272,1.13278,1.13184,1.13241,607
2019-02-11 00:00:00,1.13241,1.13300,1.13021,1.13025,2694
2019-02-11 04:00:00,1.13022,1.13216,1.12970,1.13104,3219
2019-02-11 08:00:00,1.13106,1.13120,1.12691,1.12708,4131
2019-02-11 12:00:00,1.12710,1.12782,1.12674,1.12756,1143
2019-02-11 16:00:00,1.12767,1.12828,1.12724,1.12823,1044
2019-02-11 20:00:00,1.12826,1.12851,1.12751,1.12795,787
2019-02-12 00:00:00,1.12795,1.12902,1.12578,1.12745,2951
2019-02-12 04:00:00,1.12743,1.12975,1.12730,1.12927,2739
2019-02-12 08:00:00,1.12925,1.13226,1.12874,1.13199,3600
2019-02-12 12:00:00,1.13196,1.13397,1.13196,1.13260,1753
2019-02-12 16:00:00,1.13264,1.13382,1.13254,1.13352,1630
2019-02-12 20:00:00,1.13350,1.13415,1.13336,1.13383,975
2019-02-13 00:00:00,1.13381,1.13386,1.13130,1.13207,2609
2019-02-13 04:00:00,1.13205,1.13314,1.12892,1.12914,4376
2019-02-13 08:00:00,1.12916,1.13040,1.12727,1.12762,4264
2019-02-13 12:00:00,1.12765,1.12830,1.12602,1.12607,1585
2019-02-13 16:00:00,1.12602,1.12698,1.12493,1.12694,1591
2019-02-13 20:00:00,1.12692,1.12837,1.12688,1.12802,968
2019-02-14 00:00:00,1.12802,1.12948,1.12499,1.12666,4509
2019-02-14 04:00:00,1.12668,1.13097,1.12613,1.13024,5710
2019-02-14 08:00:00,1.13022,1.13052,1.12648,1.12968,6727
2019-02-14 12:00:00,1.12966,1.13030,1.12911,1.12954,1587
2019-02-14 16:00:00,1.12948,1.12969,1.12858,1.12874,964
2019-02-14 20:00:00,1.12876,1.12894,1.12828,1.12852,580
2019-02-15 00:00:00,1.12849,1.12914,1.12683,1.12834,2628
2019-02-15 04:00:00,1.12831,1.12864,1.12343,1.12528,4684
2019-02-15 08:00:00,1.12530,1.12856,1.12518,1.12730,6164
2019-02-15 12:00:00,1.12728,1.13061,1.12723,1.12946,2333
2019-02-17 16:00:00,1.12926,1.13117,1.12896,1.13097,781
2019-02-17 20:00:00,1.13095,1.13249,1.13068,1.13086,1035
2019-02-18 00:00:00,1.13086,1.13188,1.12950,1.13155,2629
2019-02-18 04:00:00,1.13152,1.13338,1.13112,1.13220,2198
2019-02-18 08:00:00,1.13223,1.13270,1.13026,1.13110,2066
2019-02-18 12:00:00,1.13107,1.13166,1.13078,1.13106,805
2019-02-18 16:00:00,1.13118,1.13138,1.13026,1.13044,687
2019-02-18 20:00:00,1.13042,1.13051,1.12932,1.12996,781
2019-02-19 00:00:00,1.12998,1.13245,1.12936,1.13036,3361
2019-02-19 04:00:00,1.13034,1.13142,1.12756,1.12958,4233
2019-02-19 08:00:00,1.12961,1.13576,1.12958,1.13482,6588
2019-02-19 12:00:00,1.13479,1.13542,1.13359,1.13406,1811
2019-02-19 16:00:00,1.13419,1.13560,1.13356,1.13546,1269
2019-02-19 16:00:00,1.13419,1.13560,1.13356,1.13546,1269
2019-02-19 20:00:00,1.13544,1.13556,1.13378,1.13378,848
2019-02-20 00:00:00,1.13378,1.13584,1.13316,1.13469,3174
2019-02-20 04:00:00,1.13467,1.13474,1.13250,1.13368,3505
2019-02-20 08:00:00,1.13370,1.13704,1.13302,1.13660,4892
2019-02-20 12:00:00,1.13658,1.13712,1.13350,1.13370,5084
2019-02-20 16:00:00,1.13378,1.13483,1.13326,1.13346,1661
2019-02-20 20:00:00,1.13348,1.13527,1.13348,1.13362,1502
2019-02-21 00:00:00,1.13362,1.13632,1.13204,1.13274,6495
2019-02-21 04:00:00,1.13272,1.13664,1.13237,1.13622,4959
2019-02-21 08:00:00,1.13624,1.13657,1.13232,1.13306,5311
2019-02-21 12:00:00,1.13304,1.13409,1.13270,1.13343,1801
2019-02-21 16:00:00,1.13385,1.13418,1.13318,1.13376,1025
2019-02-21 20:00:00,1.13378,1.13401,1.13319,1.13382,821
2019-02-22 00:00:00,1.13382,1.13514,1.13362,1.13399,2342
2019-02-22 04:00:00,1.13396,1.13447,1.13162,1.13363,3343
2019-02-22 08:00:00,1.13361,1.13556,1.13280,1.13454,5401
2019-02-22 12:00:00,1.13452,1.13484,1.13302,1.13342,1966
2019-02-24 16:00:00,1.13359,1.13492,1.13286,1.13444,1100
2019-02-24 20:00:00,1.13447,1.13453,1.13373,1.13428,968
2019-02-25 00:00:00,1.13428,1.13590,1.13418,1.13494,2579
2019-02-25 04:00:00,1.13492,1.13675,1.13486,1.13546,2953
2019-02-25 08:00:00,1.13549,1.13610,1.13368,1.13477,4863
2019-02-25 12:00:00,1.13475,1.13675,1.13448,1.13574,1367
2019-02-25 16:00:00,1.13616,1.13653,1.13543,1.13568,971
2019-02-25 20:00:00,1.13571,1.13674,1.13562,1.13592,800
2019-02-26 00:00:00,1.13592,1.13677,1.13458,1.13672,2761
2019-02-26 04:00:00,1.13676,1.13754,1.13546,1.13722,3796
2019-02-26 08:00:00,1.13720,1.13800,1.13453,1.13797,6921
2019-02-26 12:00:00,1.13800,1.14028,1.13721,1.13892,2037
2019-02-26 16:00:00,1.13894,1.13958,1.13820,1.13856,1291
2019-02-26 20:00:00,1.13858,1.13872,1.13754,1.13782,1014
2019-02-27 00:00:00,1.13782,1.13976,1.13727,1.13950,2899
2019-02-27 04:00:00,1.13952,1.14036,1.13802,1.13849,3875
2019-02-27 08:00:00,1.13847,1.13952,1.13624,1.13691,6344
2019-02-27 12:00:00,1.13688,1.13771,1.13672,1.13695,1477
2019-02-27 16:00:00,1.13673,1.13800,1.13673,1.13774,1113
2019-02-27 20:00:00,1.13772,1.13798,1.13743,1.13758,709
2019-02-28 00:00:00,1.13758,1.13936,1.13674,1.13910,3563
2019-02-28 04:00:00,1.13913,1.14197,1.13822,1.13864,5630
2019-02-28 08:00:00,1.13866,1.13959,1.13596,1.13818,7322
2019-02-28 12:00:00,1.13821,1.13877,1.13698,1.13706,2007
2019-02-28 16:00:00,1.13706,1.13752,1.13688,1.13722,960
2019-02-28 20:00:00,1.13718,1.13754,1.13640,1.13706,789
2019-03-01 00:00:00,1.13706,1.13742,1.13532,1.13602,3219
2019-03-01 04:00:00,1.13604,1.13877,1.13554,1.13820,3694
2019-03-01 08:00:00,1.13818,1.14086,1.13648,1.13652,6246
2019-03-01 12:00:00,1.13654,1.13684,1.13546,1.13648,2370
2019-03-03 16:00:00,1.13828,1.13831,1.13668,1.13687,928
2019-03-03 20:00:00,1.13690,1.13705,1.13618,1.13626,810
2019-03-04 00:00:00,1.13626,1.13690,1.13343,1.13429,3240
2019-03-04 04:00:00,1.13427,1.13454,1.13278,1.13428,3241
2019-03-04 08:00:00,1.13430,1.13433,1.13092,1.13320,4017
2019-03-04 12:00:00,1.13322,1.13430,1.13250,1.13398,1305
2019-03-04 16:00:00,1.13396,1.13412,1.13326,1.13336,1059
2019-03-04 20:00:00,1.13334,1.13376,1.13248,1.13290,959
2019-03-05 00:00:00,1.13290,1.13384,1.13162,1.13272,3547
2019-03-05 04:00:00,1.13274,1.13386,1.13204,1.13308,2739
2019-03-05 08:00:00,1.13310,1.13354,1.12896,1.12972,6120
2019-03-05 12:00:00,1.12974,1.13104,1.12940,1.13078,1292
2019-03-05 16:00:00,1.13078,1.13079,1.12981,1.13028,1242
2019-03-05 20:00:00,1.13030,1.13036,1.12898,1.12978,940
2019-03-06 00:00:00,1.12978,1.13104,1.12946,1.13012,2434
2019-03-06 04:00:00,1.13009,1.13150,1.12854,1.13048,4082
2019-03-06 08:00:00,1.13046,1.13246,1.13044,1.13082,4358
2019-03-06 12:00:00,1.13080,1.13122,1.13046,1.13066,1337
2019-03-06 16:00:00,1.13072,1.13156,1.13069,1.13086,2408
2019-03-06 20:00:00,1.13084,1.13102,1.13031,1.13065,732
2019-03-07 00:00:00,1.13065,1.13138,1.13014,1.13096,2923
2019-03-07 04:00:00,1.13098,1.13202,1.12540,1.12604,7134
2019-03-07 08:00:00,1.12601,1.12602,1.12064,1.12254,8340
2019-03-07 12:00:00,1.12252,1.12259,1.11764,1.11940,3941
2019-03-07 16:00:00,1.11937,1.11988,1.11854,1.11884,1026
2019-03-07 20:00:00,1.11882,1.12018,1.11866,1.12016,1186
2019-03-08 00:00:00,1.12016,1.12155,1.11974,1.12130,3300
2019-03-08 04:00:00,1.12127,1.12410,1.12090,1.12255,5720
2019-03-08 08:00:00,1.12257,1.12461,1.12222,1.12403,6276
2019-03-08 12:00:00,1.12405,1.12434,1.12307,1.12347,1546
2019-03-10 15:00:00,1.12336,1.12375,1.12232,1.12280,656
2019-03-10 19:00:00,1.12278,1.12338,1.12240,1.12335,673
2019-03-10 23:00:00,1.12333,1.12506,1.12323,1.12464,1858
2019-03-11 03:00:00,1.12461,1.12586,1.12328,1.12367,3816
2019-03-11 07:00:00,1.12370,1.12546,1.12218,1.12334,4136
2019-03-11 11:00:00,1.12337,1.12503,1.12302,1.12450,2236
2019-03-11 15:00:00,1.12452,1.12738,1.12452,1.12591,2429
2019-03-11 19:00:00,1.12594,1.12656,1.12513,1.12516,601
2019-03-11 23:00:00,1.12513,1.12830,1.12513,1.12826,2386
2019-03-12 03:00:00,1.12823,1.12848,1.12494,1.12816,6444
2019-03-12 07:00:00,1.12818,1.12950,1.12672,1.12938,5143
2019-03-12 11:00:00,1.12940,1.13050,1.12824,1.12874,3102
2019-03-12 15:00:00,1.12864,1.12902,1.12851,1.12881,535
2019-03-12 19:00:00,1.12884,1.12901,1.12830,1.12836,625
2019-03-12 23:00:00,1.12834,1.12968,1.12776,1.12942,2100
2019-03-13 03:00:00,1.12940,1.13050,1.12892,1.12938,3219
2019-03-13 07:00:00,1.12940,1.13152,1.12907,1.13052,4189
2019-03-13 11:00:00,1.13050,1.13387,1.13000,1.13278,4050
2019-03-13 15:00:00,1.13296,1.13376,1.13248,1.13273,890
2019-03-13 19:00:00,1.13276,1.13318,1.13178,1.13192,939
2019-03-13 23:00:00,1.13189,1.13362,1.13124,1.13265,2508
2019-03-14 03:00:00,1.13262,1.13262,1.12961,1.13014,4636
2019-03-14 07:00:00,1.13016,1.13094,1.12942,1.12997,5036
2019-03-14 11:00:00,1.12994,1.13076,1.12973,1.13044,2027
2019-03-14 15:00:00,1.13032,1.13095,1.12998,1.13059,818
2019-03-14 19:00:00,1.13056,1.13270,1.13045,1.13191,855
2019-03-14 23:00:00,1.13188,1.13290,1.13148,1.13236,1835
2019-03-15 03:00:00,1.13233,1.13266,1.13030,1.13037,2475
2019-03-15 07:00:00,1.13035,1.13444,1.13002,1.13176,5539
2019-03-15 11:00:00,1.13178,1.13293,1.13168,1.13250,1476
2019-03-17 15:00:00,1.13226,1.13278,1.13194,1.13210,526
2019-03-17 19:00:00,1.13207,1.13385,1.13202,1.13364,714
2019-03-17 23:00:00,1.13362,1.13506,1.13320,1.13448,1999
2019-03-18 03:00:00,1.13445,1.13588,1.13404,1.13463,2666
2019-03-18 07:00:00,1.13465,1.13497,1.13260,1.13296,3473
2019-03-18 11:00:00,1.13294,1.13430,1.13248,1.13394,1278
2019-03-18 15:00:00,1.13354,1.13401,1.13338,1.13380,647
2019-03-18 19:00:00,1.13382,1.13489,1.13368,1.13460,695
2019-03-18 23:00:00,1.13458,1.13574,1.13424,1.13546,1720
2019-03-19 03:00:00,1.13543,1.13616,1.13473,1.13522,2569
2019-03-19 07:00:00,1.13520,1.13614,1.13388,1.13496,3773
2019-03-19 11:00:00,1.13498,1.13592,1.13476,1.13507,1232
2019-03-19 15:00:00,1.13521,1.13569,1.13473,1.13473,654
2019-03-19 19:00:00,1.13470,1.13504,1.13430,1.13462,717
2019-03-19 23:00:00,1.13459,1.13535,1.13358,1.13430,1738
2019-03-20 03:00:00,1.13432,1.13662,1.13422,1.13546,2708
2019-03-20 07:00:00,1.13548,1.13644,1.13462,1.13500,3605
2019-03-20 11:00:00,1.13498,1.14482,1.13474,1.14128,10030
2019-03-20 15:00:00,1.14128,1.14345,1.14126,1.14320,1502
2019-03-20 19:00:00,1.14323,1.14376,1.14215,1.14260,1023
2019-03-20 23:00:00,1.14258,1.14294,1.13928,1.13986,2962
2019-03-21 03:00:00,1.13988,1.14071,1.13842,1.13854,3912
2019-03-21 07:00:00,1.13856,1.13953,1.13430,1.13523,6450
2019-03-21 11:00:00,1.13520,1.13772,1.13428,1.13754,3795
2019-03-21 15:00:00,1.13749,1.13792,1.13617,1.13672,1025
2019-03-21 19:00:00,1.13674,1.13775,1.13652,1.13775,844
2019-03-21 23:00:00,1.13772,1.13906,1.12885,1.13034,6249
2019-03-22 03:00:00,1.13031,1.13196,1.12930,1.13058,6836
2019-03-22 07:00:00,1.13056,1.13154,1.12736,1.12843,8108
2019-03-22 11:00:00,1.12841,1.13020,1.12823,1.13014,2189
2019-03-24 15:00:00,1.12930,1.13002,1.12892,1.12900,1157
2019-03-24 19:00:00,1.12903,1.13006,1.12903,1.12981,803
2019-03-24 23:00:00,1.12984,1.13142,1.12947,1.13086,2413
2019-03-25 03:00:00,1.13089,1.13248,1.13040,1.13186,3993
2019-03-25 07:00:00,1.13188,1.13314,1.13108,1.13116,5259
2019-03-25 11:00:00,1.13114,1.13260,1.13102,1.13128,2164
2019-03-25 15:00:00,1.13108,1.13194,1.13108,1.13178,1034
2019-03-25 19:00:00,1.13174,1.13220,1.13113,1.13113,860
2019-03-25 23:00:00,1.13110,1.13168,1.13032,1.13068,2380
2019-03-26 03:00:00,1.13070,1.13259,1.12848,1.12880,4362
2019-03-26 07:00:00,1.12878,1.13001,1.12781,1.12884,5000
2019-03-26 11:00:00,1.12886,1.12946,1.12634,1.12656,2424
2019-03-26 15:00:00,1.12650,1.12772,1.12616,1.12672,1100
2019-03-26 19:00:00,1.12674,1.12674,1.12509,1.12576,1269
2019-03-26 23:00:00,1.12578,1.12782,1.12470,1.12758,3366
2019-03-27 03:00:00,1.12760,1.12856,1.12662,1.12713,4912
2019-03-27 07:00:00,1.12710,1.12722,1.12423,1.12628,7524
2019-03-27 11:00:00,1.12632,1.12676,1.12439,1.12440,3043
2019-03-27 15:00:00,1.12452,1.12554,1.12450,1.12483,986
2019-03-27 19:00:00,1.12486,1.12576,1.12434,1.12548,988
2019-03-27 23:00:00,1.12546,1.12612,1.12343,1.12522,3654
2019-03-28 03:00:00,1.12525,1.12588,1.12209,1.12214,4761
2019-03-28 07:00:00,1.12216,1.12385,1.12137,1.12274,7552
2019-03-28 11:00:00,1.12272,1.12379,1.12204,1.12240,2266
2019-03-28 15:00:00,1.12217,1.12350,1.12216,1.12322,901
2019-03-28 19:00:00,1.12320,1.12332,1.12236,1.12303,956
2019-03-28 23:00:00,1.12300,1.12390,1.12224,1.12301,2958
2019-03-29 03:00:00,1.12304,1.12466,1.12100,1.12318,5284
2019-03-29 07:00:00,1.12321,1.12416,1.12207,1.12253,7473
2019-03-29 11:00:00,1.12250,1.12271,1.12134,1.12178,2370
2019-03-31 15:00:00,1.12296,1.12313,1.12204,1.12282,699
2019-03-31 19:00:00,1.12284,1.12352,1.12246,1.12342,799
2019-03-31 23:00:00,1.12344,1.12498,1.12276,1.12464,4107
2019-04-01 03:00:00,1.12461,1.12486,1.12273,1.12348,3910
2019-04-01 07:00:00,1.12351,1.12453,1.12045,1.12064,5556
2019-04-01 11:00:00,1.12062,1.12140,1.12041,1.12128,1257
2019-04-01 15:00:00,1.12125,1.12126,1.11988,1.12058,663
2019-04-01 19:00:00,1.12055,1.12058,1.11961,1.12023,953
2019-04-01 23:00:00,1.12020,1.12113,1.11904,1.11980,2803
2019-04-02 03:00:00,1.11982,1.12122,1.11972,1.12058,3154
2019-04-02 07:00:00,1.12055,1.12078,1.11839,1.11972,3873
2019-04-02 11:00:00,1.11970,1.12161,1.11920,1.12044,2482
2019-04-02 15:00:00,1.12042,1.12172,1.12010,1.12164,774
2019-04-02 19:00:00,1.12162,1.12267,1.12129,1.12229,906
2019-04-02 23:00:00,1.12227,1.12450,1.12154,1.12432,3745
2019-04-03 03:00:00,1.12434,1.12546,1.12340,1.12346,3132
2019-04-03 07:00:00,1.12344,1.12493,1.12252,1.12444,3990
2019-04-03 11:00:00,1.12446,1.12482,1.12326,1.12330,1220
2019-04-03 15:00:00,1.12330,1.12476,1.12330,1.12444,504
2019-04-03 19:00:00,1.12446,1.12454,1.12371,1.12412,570
2019-04-03 23:00:00,1.12410,1.12478,1.12308,1.12317,2441
2019-04-04 03:00:00,1.12319,1.12362,1.12128,1.12175,3056
2019-04-04 07:00:00,1.12173,1.12248,1.12061,1.12194,3662
2019-04-04 11:00:00,1.12196,1.12268,1.12134,1.12206,1155
2019-04-04 15:00:00,1.12197,1.12290,1.12188,1.12226,729
2019-04-04 19:00:00,1.12228,1.12282,1.12224,1.12270,432
2019-04-04 23:00:00,1.12268,1.12366,1.12247,1.12301,1862
2019-04-05 03:00:00,1.12298,1.12464,1.12171,1.12360,3712
2019-04-05 07:00:00,1.12362,1.12389,1.12103,1.12149,3995
2019-04-05 11:00:00,1.12147,1.12188,1.12108,1.12162,1010
2019-04-07 15:00:00,1.12176,1.12220,1.12144,1.12176,616
2019-04-07 19:00:00,1.12178,1.12322,1.12150,1.12310,907
2019-04-07 23:00:00,1.12308,1.12373,1.12218,1.12334,1709
2019-04-08 03:00:00,1.12337,1.12646,1.12310,1.12613,2269
2019-04-08 07:00:00,1.12610,1.12746,1.12583,1.12672,2750
2019-04-08 11:00:00,1.12674,1.12685,1.12582,1.12611,926
2019-04-08 15:00:00,1.12629,1.12660,1.12553,1.12594,766
2019-04-08 19:00:00,1.12597,1.12692,1.12585,1.12658,666
2019-04-08 23:00:00,1.12654,1.12802,1.12564,1.12800,2427
2019-04-09 03:00:00,1.12798,1.12822,1.12664,1.12792,3015
2019-04-09 07:00:00,1.12795,1.12842,1.12681,1.12702,3239
2019-04-09 11:00:00,1.12704,1.12732,1.12619,1.12627,1033
2019-04-09 15:00:00,1.12627,1.12672,1.12575,1.12586,607
2019-04-09 19:00:00,1.12588,1.12640,1.12558,1.12615,742
2019-04-09 23:00:00,1.12612,1.12737,1.12594,1.12697,1843
2019-04-10 03:00:00,1.12694,1.12876,1.12536,1.12564,4498
2019-04-10 07:00:00,1.12562,1.12785,1.12298,1.12757,5331
2019-04-10 11:00:00,1.12760,1.12780,1.12631,1.12737,2058
2019-04-10 15:00:00,1.12734,1.12794,1.12728,1.12762,602
2019-04-10 15:00:00,1.12734,1.12794,1.12728,1.12762,602
2019-04-10 19:00:00,1.12764,1.12806,1.12730,1.12798,589
2019-04-10 23:00:00,1.12796,1.12874,1.12749,1.12793,2609
2019-04-11 03:00:00,1.12796,1.12848,1.12556,1.12601,2602
2019-04-11 07:00:00,1.12598,1.12760,1.12562,1.12584,3098
2019-04-11 11:00:00,1.12586,1.12620,1.12500,1.12541,1108
2019-04-11 15:00:00,1.12536,1.12916,1.12536,1.12835,1576
2019-04-11 19:00:00,1.12837,1.12946,1.12770,1.12914,920
2019-04-11 23:00:00,1.12912,1.13100,1.12817,1.13056,2440
2019-04-12 03:00:00,1.13054,1.13224,1.13044,1.13205,3070
2019-04-12 07:00:00,1.13203,1.13239,1.12950,1.12987,3373
2019-04-12 11:00:00,1.12989,1.12996,1.12929,1.12988,1085
2019-04-14 15:00:00,1.13046,1.13072,1.13000,1.13040,648
2019-04-14 19:00:00,1.13038,1.13144,1.13018,1.13091,658
2019-04-14 23:00:00,1.13094,1.13210,1.13028,1.13182,2255
2019-04-15 03:00:00,1.13180,1.13196,1.13061,1.13134,2338
2019-04-15 07:00:00,1.13132,1.13157,1.12976,1.13066,2839
2019-04-15 11:00:00,1.13064,1.13080,1.13000,1.13044,893
2019-04-15 15:00:00,1.13042,1.13074,1.13004,1.13056,487
2019-04-15 19:00:00,1.13058,1.13064,1.12928,1.13044,786
2019-04-15 23:00:00,1.13042,1.13140,1.12992,1.13053,2423
2019-04-16 03:00:00,1.13055,1.13117,1.12796,1.12968,5106
2019-04-16 07:00:00,1.12971,1.13058,1.12806,1.12841,4559
2019-04-16 11:00:00,1.12838,1.12905,1.12800,1.12808,1163
2019-04-16 15:00:00,1.12828,1.12881,1.12788,1.12864,745
2019-04-16 19:00:00,1.12867,1.13044,1.12841,1.13032,1024
2019-04-16 23:00:00,1.13030,1.13237,1.13030,1.13159,2398
2019-04-17 03:00:00,1.13157,1.13194,1.13006,1.13038,2576
2019-04-17 07:00:00,1.13035,1.13074,1.12908,1.12963,4292
2019-04-17 11:00:00,1.12961,1.13026,1.12944,1.12980,1106
2019-04-17 15:00:00,1.12962,1.13000,1.12945,1.12983,485
2019-04-17 19:00:00,1.12986,1.13008,1.12898,1.12950,805
2019-04-17 23:00:00,1.12952,1.13042,1.12432,1.12608,5760
2019-04-18 03:00:00,1.12610,1.12612,1.12383,1.12405,3877
2019-04-18 07:00:00,1.12408,1.12537,1.12290,1.12299,4165
2019-04-18 11:00:00,1.12297,1.12332,1.12263,1.12306,1346
2019-04-18 15:00:00,1.12310,1.12407,1.12290,1.12398,246
2019-04-18 19:00:00,1.12400,1.12423,1.12324,1.12381,191
2019-04-18 23:00:00,1.12384,1.12474,1.12384,1.12467,806
2019-04-19 03:00:00,1.12465,1.12472,1.12424,1.12444,359
2019-04-19 07:00:00,1.12447,1.12477,1.12426,1.12452,1010
2019-04-19 11:00:00,1.12450,1.12464,1.12411,1.12452,767
2019-04-21 15:00:00,1.12447,1.12465,1.12378,1.12426,542
2019-04-21 19:00:00,1.12428,1.12443,1.12360,1.12384,432
2019-04-21 23:00:00,1.12386,1.12478,1.12374,1.12458,688
2019-04-22 03:00:00,1.12462,1.12546,1.12459,1.12493,750
2019-04-22 07:00:00,1.12495,1.12620,1.12486,1.12584,1286
2019-04-22 11:00:00,1.12586,1.12617,1.12567,1.12572,541
2019-04-22 15:00:00,1.12572,1.12606,1.12449,1.12449,545
2019-04-22 19:00:00,1.12452,1.12551,1.12452,1.12500,537
2019-04-22 23:00:00,1.12504,1.12582,1.12420,1.12502,2485
2019-04-23 03:00:00,1.12505,1.12612,1.12168,1.12179,2830
2019-04-23 07:00:00,1.12176,1.12185,1.11924,1.12136,3896
2019-04-23 11:00:00,1.12138,1.12276,1.12094,1.12272,1189
2019-04-23 15:00:00,1.12268,1.12268,1.12170,1.12178,500
2019-04-23 19:00:00,1.12180,1.12208,1.12088,1.12162,1386
2019-04-23 23:00:00,1.12164,1.12196,1.11948,1.12183,3944
2019-04-24 03:00:00,1.12181,1.12234,1.12028,1.12034,2950
2019-04-24 07:00:00,1.12037,1.12098,1.11563,1.11588,6127
2019-04-24 11:00:00,1.11586,1.11651,1.11406,1.11538,3402
2019-04-24 15:00:00,1.11538,1.11592,1.11452,1.11526,950
2019-04-24 19:00:00,1.11528,1.11602,1.11450,1.11574,894
2019-04-24 23:00:00,1.11572,1.11625,1.11348,1.11474,3897
2019-04-25 03:00:00,1.11476,1.11480,1.11184,1.11309,4184
2019-04-25 07:00:00,1.11306,1.11546,1.11297,1.11367,4269
2019-04-25 11:00:00,1.11369,1.11386,1.11272,1.11320,1311
2019-04-25 15:00:00,1.11320,1.11392,1.11244,1.11294,965
2019-04-25 19:00:00,1.11292,1.11411,1.11273,1.11354,1054
2019-04-25 23:00:00,1.11357,1.11474,1.11296,1.11424,2532
2019-04-26 03:00:00,1.11427,1.11592,1.11115,1.11481,5199
2019-04-26 07:00:00,1.11478,1.11739,1.11426,1.11631,6665
2019-04-26 11:00:00,1.11633,1.11660,1.11420,1.11472,1480
2019-04-28 15:00:00,1.11465,1.11519,1.11463,1.11488,448
2019-04-28 19:00:00,1.11490,1.11599,1.11452,1.11583,514
2019-04-28 23:00:00,1.11585,1.11670,1.11560,1.11652,2065
2019-04-29 03:00:00,1.11650,1.11658,1.11454,1.11557,2289
2019-04-29 07:00:00,1.11554,1.11842,1.11490,1.11812,3395
2019-04-29 11:00:00,1.11808,1.11868,1.11769,1.11852,1212
2019-04-29 15:00:00,1.11854,1.11914,1.11822,1.11900,380
2019-04-29 19:00:00,1.11898,1.11930,1.11793,1.11886,982
2019-04-29 23:00:00,1.11888,1.12079,1.11760,1.12064,3848
2019-04-30 03:00:00,1.12066,1.12279,1.12044,1.12194,3327
2019-04-30 07:00:00,1.12196,1.12292,1.11978,1.12167,4756
2019-04-30 11:00:00,1.12169,1.12256,1.12134,1.12151,2429
2019-04-30 15:00:00,1.12151,1.12183,1.12110,1.12182,521
2019-04-30 19:00:00,1.12185,1.12198,1.12140,1.12176,361
2019-04-30 23:00:00,1.12174,1.12300,1.12143,1.12280,950
2019-05-01 03:00:00,1.12283,1.12395,1.12220,1.12244,2244
2019-05-01 07:00:00,1.12241,1.12499,1.12234,1.12420,3684
2019-05-01 11:00:00,1.12423,1.12649,1.11873,1.11949,12066
2019-05-01 15:00:00,1.11962,1.12064,1.11946,1.12060,621
2019-05-01 19:00:00,1.12062,1.12092,1.12000,1.12076,781
2019-05-01 23:00:00,1.12074,1.12191,1.11912,1.12084,3370
2019-05-02 03:00:00,1.12082,1.12132,1.11957,1.11963,3313
2019-05-02 07:00:00,1.11965,1.12020,1.11718,1.11778,5198
2019-05-02 11:00:00,1.11782,1.11810,1.11710,1.11726,1451
2019-05-02 15:00:00,1.11722,1.11776,1.11706,1.11774,436
2019-05-02 19:00:00,1.11771,1.11774,1.11671,1.11686,659
2019-05-02 23:00:00,1.11688,1.11734,1.11581,1.11653,2601
2019-05-03 03:00:00,1.11656,1.11664,1.11354,1.11600,5047
2019-05-03 07:00:00,1.11603,1.12008,1.11544,1.11958,7385
2019-05-03 11:00:00,1.11960,1.12048,1.11900,1.12013,1873
2019-05-05 15:00:00,1.11738,1.12004,1.11708,1.11852,2250
2019-05-05 19:00:00,1.11854,1.11958,1.11832,1.11910,1332
2019-05-05 23:00:00,1.11912,1.11948,1.11833,1.11841,2783
2019-05-06 03:00:00,1.11838,1.12036,1.11794,1.11837,3010
2019-05-06 07:00:00,1.11834,1.12069,1.11808,1.12030,3458
2019-05-06 11:00:00,1.12028,1.12093,1.11982,1.11994,1359
2019-05-06 15:00:00,1.12004,1.12032,1.11906,1.11999,774
2019-05-06 19:00:00,1.12002,1.12144,1.11972,1.12136,1256
2019-05-06 23:00:00,1.12133,1.12180,1.11931,1.11967,4182
2019-05-07 03:00:00,1.11964,1.12063,1.11772,1.11836,3122
2019-05-07 07:00:00,1.11838,1.11929,1.11666,1.11750,4195
2019-05-07 11:00:00,1.11748,1.11937,1.11705,1.11917,2573
2019-05-07 15:00:00,1.11912,1.11951,1.11886,1.11926,673
2019-05-07 19:00:00,1.11928,1.12067,1.11928,1.12052,1581
2019-05-07 23:00:00,1.12050,1.12130,1.11966,1.11980,3822
2019-05-08 03:00:00,1.11983,1.12076,1.11892,1.11986,4991
2019-05-08 07:00:00,1.11988,1.12136,1.11830,1.11886,5786
2019-05-08 11:00:00,1.11884,1.11952,1.11829,1.11921,1703
2019-05-08 15:00:00,1.11914,1.11986,1.11905,1.11916,935
2019-05-08 19:00:00,1.11919,1.11957,1.11860,1.11948,1168
2019-05-08 23:00:00,1.11945,1.12034,1.11736,1.11888,4551
2019-05-09 03:00:00,1.11890,1.12005,1.11847,1.11969,3674
2019-05-09 07:00:00,1.11972,1.12510,1.11912,1.12154,8371
2019-05-09 11:00:00,1.12156,1.12284,1.12100,1.12132,2521
2019-05-09 15:00:00,1.12168,1.12302,1.12142,1.12294,1548
2019-05-09 19:00:00,1.12292,1.12348,1.12256,1.12258,1490
2019-05-09 23:00:00,1.12256,1.12331,1.12179,1.12310,3069
2019-05-10 03:00:00,1.12306,1.12467,1.12232,1.12422,4385
2019-05-10 07:00:00,1.12424,1.12536,1.12332,1.12368,4526
2019-05-10 11:00:00,1.12365,1.12392,1.12281,1.12336,2051
2019-05-12 15:00:00,1.12348,1.12420,1.12310,1.12318,657
2019-05-12 19:00:00,1.12320,1.12352,1.12282,1.12298,538
2019-05-12 23:00:00,1.12296,1.12366,1.12231,1.12296,2365
2019-05-13 03:00:00,1.12299,1.12624,1.12283,1.12576,4171
2019-05-13 07:00:00,1.12574,1.12636,1.12278,1.12354,5289
2019-05-13 11:00:00,1.12352,1.12382,1.12222,1.12231,1921
2019-05-13 15:00:00,1.12227,1.12368,1.12200,1.12363,778
2019-05-13 19:00:00,1.12365,1.12408,1.12308,1.12398,851
2019-05-13 23:00:00,1.12396,1.12438,1.12296,1.12426,2436
2019-05-14 03:00:00,1.12424,1.12433,1.12038,1.12141,3792
2019-05-14 07:00:00,1.12139,1.12198,1.12040,1.12100,3507
2019-05-14 11:00:00,1.12097,1.12168,1.12012,1.12040,1107
2019-05-14 15:00:00,1.12040,1.12086,1.12010,1.12037,466
2019-05-14 19:00:00,1.12039,1.12098,1.12030,1.12098,609
2019-05-14 23:00:00,1.12096,1.12170,1.11982,1.12144,2664
2019-05-15 03:00:00,1.12142,1.12144,1.11780,1.11838,4478
2019-05-15 07:00:00,1.11835,1.12246,1.11792,1.12064,6693
2019-05-15 11:00:00,1.12066,1.12082,1.11974,1.12017,997
2019-05-15 15:00:00,1.12017,1.12094,1.12014,1.12066,645
2019-05-15 19:00:00,1.12064,1.12098,1.12020,1.12098,871
2019-05-15 23:00:00,1.12096,1.12210,1.12041,1.12207,1860
2019-05-16 03:00:00,1.12204,1.12240,1.11872,1.11878,3487
2019-05-16 07:00:00,1.11876,1.11926,1.11720,1.11774,3910
2019-05-16 11:00:00,1.11771,1.11798,1.11664,1.11736,1245
2019-05-16 15:00:00,1.11747,1.11762,1.11706,1.11752,511
2019-05-16 19:00:00,1.11750,1.11796,1.11750,1.11792,763
2019-05-16 23:00:00,1.11795,1.11843,1.11688,1.11741,2627
2019-05-17 03:00:00,1.11739,1.11792,1.11584,1.11764,4012
2019-05-17 07:00:00,1.11762,1.11775,1.11554,1.11644,3870
2019-05-17 11:00:00,1.11642,1.11671,1.11553,1.11574,1565
2019-05-19 15:00:00,1.11610,1.11669,1.11596,1.11642,730
2019-05-19 19:00:00,1.11640,1.11676,1.11532,1.11538,780
2019-05-19 23:00:00,1.11536,1.11662,1.11508,1.11552,1925
2019-05-20 03:00:00,1.11549,1.11674,1.11532,1.11639,2092
2019-05-20 07:00:00,1.11637,1.11748,1.11564,1.11682,2908
2019-05-20 11:00:00,1.11685,1.11704,1.11648,1.11659,812
2019-05-20 15:00:00,1.11664,1.11722,1.11647,1.11650,496
2019-05-20 19:00:00,1.11648,1.11672,1.11601,1.11603,625
2019-05-20 23:00:00,1.11600,1.11600,1.11420,1.11474,2144
2019-05-21 03:00:00,1.11472,1.11613,1.11442,1.11576,2769
2019-05-21 07:00:00,1.11573,1.11880,1.11492,1.11600,5975
2019-05-21 11:00:00,1.11603,1.11655,1.11540,1.11613,970
2019-05-21 15:00:00,1.11606,1.11660,1.11588,1.11610,533
2019-05-21 19:00:00,1.11613,1.11656,1.11535,1.11556,487
2019-05-21 23:00:00,1.11554,1.11639,1.11488,1.11596,2043
2019-05-22 03:00:00,1.11594,1.11802,1.11581,1.11671,2347
2019-05-22 07:00:00,1.11673,1.11690,1.11512,1.11571,3345
2019-05-22 11:00:00,1.11573,1.11636,1.11502,1.11507,1178
2019-05-22 15:00:00,1.11507,1.11574,1.11506,1.11527,466
2019-05-22 19:00:00,1.11530,1.11540,1.11482,1.11491,629
2019-05-22 23:00:00,1.11488,1.11522,1.11304,1.11398,3867
2019-05-23 03:00:00,1.11395,1.11440,1.11294,1.11358,2704
2019-05-23 07:00:00,1.11356,1.11836,1.11072,1.11822,7343
2019-05-23 11:00:00,1.11824,1.11876,1.11760,1.11818,1491
2019-05-23 15:00:00,1.11812,1.11854,1.11737,1.11804,606
2019-05-23 19:00:00,1.11806,1.11834,1.11782,1.11809,725
2019-05-23 23:00:00,1.11811,1.12055,1.11808,1.11848,2859
2019-05-24 03:00:00,1.11845,1.12005,1.11784,1.11957,3113
2019-05-24 07:00:00,1.11954,1.12104,1.11876,1.12053,3317
2019-05-24 11:00:00,1.12056,1.12121,1.12038,1.12038,787
2019-05-26 15:00:00,1.12099,1.12118,1.12035,1.12072,472
2019-05-26 19:00:00,1.12076,1.12152,1.12067,1.12067,497
2019-05-26 23:00:00,1.12070,1.12113,1.11920,1.11928,1566
2019-05-27 03:00:00,1.11926,1.11985,1.11912,1.11963,987
2019-05-27 07:00:00,1.11965,1.11996,1.11872,1.11912,1044
2019-05-27 11:00:00,1.11910,1.11940,1.11886,1.11932,99
2019-05-27 15:00:00,1.11932,1.11963,1.11916,1.11924,477
2019-05-27 19:00:00,1.11926,1.11944,1.11785,1.11822,754
2019-05-27 23:00:00,1.11820,1.11946,1.11756,1.11924,3008
2019-05-28 03:00:00,1.11926,1.11984,1.11820,1.11890,2367
2019-05-28 07:00:00,1.11888,1.11950,1.11621,1.11654,4103
2019-05-28 11:00:00,1.11651,1.11722,1.11594,1.11602,1240
2019-05-28 15:00:00,1.11608,1.11724,1.11600,1.11694,750
2019-05-28 19:00:00,1.11692,1.11704,1.11622,1.11645,741
2019-05-28 23:00:00,1.11647,1.11693,1.11522,1.11548,2359
2019-05-29 03:00:00,1.11546,1.11590,1.11476,1.11497,2459
2019-05-29 07:00:00,1.11499,1.11534,1.11244,1.11336,5433
2019-05-29 11:00:00,1.11339,1.11388,1.11264,1.11310,1668
2019-05-29 15:00:00,1.11322,1.11430,1.11320,1.11397,590
2019-05-29 19:00:00,1.11400,1.11433,1.11344,1.11400,836
2019-05-29 23:00:00,1.11398,1.11400,1.11244,1.11342,1790
2019-05-30 03:00:00,1.11339,1.11433,1.11299,1.11314,1941
2019-05-30 07:00:00,1.11312,1.11402,1.11162,1.11361,3873
2019-05-30 11:00:00,1.11358,1.11400,1.11292,1.11292,1013
2019-05-30 15:00:00,1.11292,1.11402,1.11282,1.11344,862
2019-05-30 15:00:00,1.11292,1.11402,1.11282,1.11344,862
2019-05-30 19:00:00,1.11347,1.11388,1.11252,1.11282,1018
2019-05-30 23:00:00,1.11284,1.11546,1.11266,1.11480,2956
2019-05-31 03:00:00,1.11478,1.11648,1.11409,1.11561,4041
2019-05-31 07:00:00,1.11558,1.11797,1.11370,1.11617,5899
2019-05-31 11:00:00,1.11614,1.11780,1.11571,1.11688,2747
2019-06-02 15:00:00,1.11664,1.11820,1.11624,1.11792,941
2019-06-02 19:00:00,1.11790,1.11900,1.11756,1.11771,953
2019-06-02 23:00:00,1.11768,1.11802,1.11603,1.11796,3493
2019-06-03 03:00:00,1.11798,1.12002,1.11696,1.11952,2882
2019-06-03 07:00:00,1.11950,1.12178,1.11852,1.12156,4943
2019-06-03 11:00:00,1.12154,1.12620,1.12152,1.12416,4556
2019-06-03 15:00:00,1.12416,1.12552,1.12413,1.12501,882
2019-06-03 19:00:00,1.12504,1.12577,1.12443,1.12470,1176
2019-06-03 23:00:00,1.12467,1.12774,1.12432,1.12480,3763
2019-06-04 03:00:00,1.12482,1.12636,1.12316,1.12351,4734
2019-06-04 07:00:00,1.12348,1.12667,1.12265,1.12446,8207
2019-06-04 11:00:00,1.12448,1.12666,1.12427,1.12520,2468
2019-06-04 15:00:00,1.12514,1.12612,1.12508,1.12581,690
2019-06-04 19:00:00,1.12579,1.12656,1.12564,1.12604,991
2019-06-04 23:00:00,1.12606,1.12844,1.12572,1.12790,3198
2019-06-05 03:00:00,1.12788,1.13068,1.12524,1.12929,8064
2019-06-05 07:00:00,1.12927,1.12964,1.12312,1.12353,9821
2019-06-05 11:00:00,1.12356,1.12363,1.12198,1.12210,1834
2019-06-05 15:00:00,1.12220,1.12324,1.12220,1.12270,801
2019-06-05 19:00:00,1.12273,1.12328,1.12240,1.12328,770
2019-06-05 23:00:00,1.12326,1.12425,1.12228,1.12394,2375
2019-06-06 03:00:00,1.12392,1.13090,1.12018,1.12862,11143
2019-06-06 07:00:00,1.12865,1.13002,1.12444,1.12935,9302
2019-06-06 11:00:00,1.12938,1.12947,1.12675,1.12754,2975
2019-06-06 15:00:00,1.12780,1.12800,1.12724,1.12748,752
2019-06-06 19:00:00,1.12746,1.12754,1.12662,1.12671,913
2019-06-06 23:00:00,1.12668,1.12702,1.12566,1.12652,2553
2019-06-07 03:00:00,1.12650,1.13268,1.12514,1.13170,6921
2019-06-07 07:00:00,1.13172,1.13478,1.13078,1.13398,8034
2019-06-07 11:00:00,1.13400,1.13440,1.13268,1.13333,2291
2019-06-09 15:00:00,1.13213,1.13311,1.13146,1.13163,1001
2019-06-09 19:00:00,1.13165,1.13168,1.13066,1.13080,985
2019-06-09 23:00:00,1.13082,1.13128,1.12901,1.12966,2268
2019-06-10 03:00:00,1.12964,1.13114,1.12956,1.13086,2319
2019-06-10 07:00:00,1.13088,1.13198,1.12908,1.13163,3742
2019-06-10 11:00:00,1.13160,1.13244,1.13096,1.13116,1774
2019-06-10 15:00:00,1.13119,1.13184,1.13091,1.13148,590
2019-06-10 19:00:00,1.13151,1.13189,1.13076,1.13176,971
2019-06-10 23:00:00,1.13174,1.13318,1.13118,1.13128,2863
2019-06-11 03:00:00,1.13130,1.13268,1.13013,1.13186,4726
2019-06-11 07:00:00,1.13188,1.13314,1.13090,1.13295,4839
2019-06-11 11:00:00,1.13298,1.13376,1.13248,1.13260,1702
2019-06-11 15:00:00,1.13270,1.13321,1.13264,1.13293,490
2019-06-11 19:00:00,1.13296,1.13344,1.13262,1.13341,986
2019-06-11 23:00:00,1.13339,1.13434,1.13294,1.13340,2987
2019-06-12 03:00:00,1.13344,1.13407,1.13122,1.13198,5308
2019-06-12 07:00:00,1.13196,1.13260,1.12893,1.12973,5222
2019-06-12 11:00:00,1.12970,1.12984,1.12825,1.12874,1714
2019-06-12 15:00:00,1.12878,1.12956,1.12877,1.12907,520
2019-06-12 19:00:00,1.12909,1.12982,1.12882,1.12980,1117
2019-06-12 23:00:00,1.12978,1.13036,1.12864,1.12918,2973
2019-06-13 03:00:00,1.12920,1.12968,1.12737,1.12784,2801
2019-06-13 07:00:00,1.12787,1.12842,1.12686,1.12762,3616
2019-06-13 11:00:00,1.12764,1.12850,1.12732,1.12764,1820
2019-06-13 15:00:00,1.12772,1.12824,1.12758,1.12788,528
2019-06-13 19:00:00,1.12786,1.12806,1.12703,1.12728,806
2019-06-13 23:00:00,1.12726,1.12892,1.12697,1.12798,2761
2019-06-14 03:00:00,1.12796,1.12796,1.12313,1.12314,6006
2019-06-14 07:00:00,1.12316,1.12459,1.12062,1.12085,5432
2019-06-14 11:00:00,1.12087,1.12140,1.12025,1.12096,1656
2019-06-16 15:00:00,1.12108,1.12217,1.12098,1.12192,519
2019-06-16 19:00:00,1.12190,1.12240,1.12137,1.12167,546
2019-06-16 23:00:00,1.12164,1.12186,1.12039,1.12141,2262
2019-06-17 03:00:00,1.12139,1.12470,1.12108,1.12368,2716
2019-06-17 07:00:00,1.12366,1.12438,1.12208,1.12264,2863
2019-06-17 11:00:00,1.12266,1.12281,1.12140,1.12180,1239
2019-06-17 15:00:00,1.12186,1.12262,1.12186,1.12252,467
2019-06-17 19:00:00,1.12254,1.12342,1.12249,1.12334,696
2019-06-17 23:00:00,1.12331,1.12428,1.11883,1.11905,6542
2019-06-18 03:00:00,1.11903,1.12102,1.11816,1.11986,6220
2019-06-18 07:00:00,1.11988,1.12129,1.11822,1.12012,9127
2019-06-18 11:00:00,1.12014,1.12044,1.11906,1.11942,1525
2019-06-18 15:00:00,1.11936,1.12023,1.11936,1.12005,520
2019-06-18 19:00:00,1.12003,1.12010,1.11873,1.11883,774
2019-06-18 23:00:00,1.11885,1.12060,1.11878,1.12003,2178
2019-06-19 03:00:00,1.12000,1.12080,1.11974,1.12052,2181
2019-06-19 07:00:00,1.12050,1.12202,1.12012,1.12152,3280
2019-06-19 11:00:00,1.12155,1.12540,1.12130,1.12262,15048
2019-06-19 15:00:00,1.12264,1.12581,1.12264,1.12576,1103
2019-06-19 19:00:00,1.12578,1.12730,1.12558,1.12618,2478
2019-06-19 23:00:00,1.12616,1.13014,1.12602,1.12896,5418
2019-06-20 03:00:00,1.12899,1.13174,1.12862,1.13026,4906
2019-06-20 07:00:00,1.13023,1.13076,1.12708,1.12926,6794
2019-06-20 11:00:00,1.12924,1.12980,1.12858,1.12916,2357
2019-06-20 15:00:00,1.12931,1.12987,1.12888,1.12948,726
2019-06-20 19:00:00,1.12946,1.13090,1.12924,1.12947,1257
2019-06-20 23:00:00,1.12949,1.13159,1.12831,1.13030,5691
2019-06-21 03:00:00,1.13032,1.13268,1.12972,1.13250,3969
2019-06-21 07:00:00,1.13248,1.13438,1.13090,1.13408,7553
2019-06-21 11:00:00,1.13410,1.13778,1.13397,1.13688,3712
2019-06-23 15:00:00,1.13719,1.13864,1.13672,1.13817,1329
2019-06-23 19:00:00,1.13819,1.13858,1.13750,1.13752,951
2019-06-23 23:00:00,1.13754,1.13948,1.13726,1.13860,3888
2019-06-24 03:00:00,1.13862,1.13985,1.13842,1.13879,2758
2019-06-24 07:00:00,1.13876,1.14006,1.13793,1.13892,4458
2019-06-24 11:00:00,1.13894,1.14041,1.13846,1.13988,1350
2019-06-24 15:00:00,1.13984,1.14062,1.13954,1.14019,942
2019-06-24 19:00:00,1.14017,1.14122,1.14012,1.14094,1674
2019-06-24 23:00:00,1.14096,1.14101,1.13813,1.13852,4487
2019-06-25 03:00:00,1.13854,1.13946,1.13766,1.13942,2845
2019-06-25 07:00:00,1.13944,1.13988,1.13604,1.13630,6184
2019-06-25 11:00:00,1.13632,1.13900,1.13442,1.13672,8297
2019-06-25 15:00:00,1.13672,1.13723,1.13601,1.13622,1086
2019-06-25 19:00:00,1.13626,1.13626,1.13529,1.13560,1387
2019-06-25 23:00:00,1.13557,1.13743,1.13547,1.13586,3483
2019-06-26 03:00:00,1.13584,1.13686,1.13516,1.13595,5148
2019-06-26 07:00:00,1.13592,1.13914,1.13476,1.13830,5560
2019-06-26 11:00:00,1.13828,1.13834,1.13646,1.13686,1772
2019-06-26 15:00:00,1.13690,1.13766,1.13690,1.13728,629
2019-06-26 19:00:00,1.13726,1.13742,1.13492,1.13530,1127
2019-06-26 23:00:00,1.13532,1.13745,1.13479,1.13718,4458
2019-06-27 03:00:00,1.13716,1.13815,1.13644,1.13666,4703
2019-06-27 07:00:00,1.13668,1.13748,1.13566,1.13664,4391
2019-06-27 11:00:00,1.13662,1.13739,1.13648,1.13694,1222
2019-06-27 15:00:00,1.13688,1.13763,1.13674,1.13700,543
2019-06-27 19:00:00,1.13704,1.13724,1.13626,1.13632,846
2019-06-27 23:00:00,1.13634,1.13927,1.13608,1.13904,3063
2019-06-28 03:00:00,1.13907,1.13935,1.13678,1.13854,3637
2019-06-28 07:00:00,1.13852,1.13922,1.13508,1.13588,5750
2019-06-28 11:00:00,1.13586,1.13781,1.13557,1.13721,2129
2019-06-30 15:00:00,1.13614,1.13711,1.13540,1.13540,1467
2019-06-30 19:00:00,1.13542,1.13566,1.13482,1.13486,877
2019-06-30 23:00:00,1.13488,1.13490,1.13167,1.13308,5257
2019-07-01 03:00:00,1.13306,1.13602,1.13208,1.13460,4148
2019-07-01 07:00:00,1.13458,1.13491,1.12924,1.12942,5408
2019-07-01 11:00:00,1.12940,1.12954,1.12812,1.12856,1623
2019-07-01 15:00:00,1.12856,1.12896,1.12804,1.12841,1074
2019-07-01 19:00:00,1.12844,1.12899,1.12752,1.12899,865
2019-07-01 23:00:00,1.12896,1.12994,1.12859,1.12936,2721
2019-07-02 03:00:00,1.12934,1.13214,1.12896,1.12980,4209
2019-07-02 07:00:00,1.12983,1.13120,1.12863,1.13067,4016
2019-07-02 11:00:00,1.13064,1.13068,1.12822,1.12860,2682
2019-07-02 15:00:00,1.12860,1.12944,1.12850,1.12932,724
2019-07-02 19:00:00,1.12934,1.12952,1.12862,1.12884,950
2019-07-02 23:00:00,1.12882,1.12904,1.12689,1.12885,3159
2019-07-03 03:00:00,1.12882,1.13001,1.12768,1.12827,3639
2019-07-03 07:00:00,1.12830,1.13123,1.12719,1.12812,5583
2019-07-03 11:00:00,1.12814,1.12848,1.12756,1.12770,538
2019-07-03 15:00:00,1.12780,1.12890,1.12779,1.12868,412
2019-07-03 19:00:00,1.12866,1.12952,1.12820,1.12858,513
2019-07-03 23:00:00,1.12861,1.12900,1.12790,1.12798,1693
2019-07-04 03:00:00,1.12796,1.12902,1.12774,1.12832,1677
2019-07-04 07:00:00,1.12830,1.12846,1.12733,1.12812,1262
2019-07-04 11:00:00,1.12814,1.12857,1.12814,1.12847,174
2019-07-04 15:00:00,1.12841,1.12878,1.12798,1.12802,311
2019-07-04 19:00:00,1.12800,1.12846,1.12780,1.12810,311
2019-07-04 23:00:00,1.12808,1.12819,1.12614,1.12623,2114
2019-07-05 03:00:00,1.12621,1.12705,1.12327,1.12442,5732
2019-07-05 07:00:00,1.12440,1.12440,1.12076,1.12188,5558
2019-07-05 11:00:00,1.12192,1.12283,1.12160,1.12255,1135
2019-07-07 15:00:00,1.12248,1.12298,1.12198,1.12212,539
2019-07-07 19:00:00,1.12214,1.12310,1.12210,1.12310,579
2019-07-07 23:00:00,1.12308,1.12344,1.12198,1.12313,2119
2019-07-08 03:00:00,1.12311,1.12326,1.12128,1.12234,2329
2019-07-08 07:00:00,1.12232,1.12244,1.12071,1.12147,2687
2019-07-08 11:00:00,1.12150,1.12208,1.12084,1.12144,838
2019-07-08 15:00:00,1.12144,1.12188,1.12132,1.12154,413
2019-07-08 19:00:00,1.12158,1.12182,1.12098,1.12177,412
2019-07-08 23:00:00,1.12174,1.12178,1.11962,1.11988,2202
2019-07-09 03:00:00,1.11990,1.12094,1.11935,1.12047,2231
2019-07-09 07:00:00,1.12045,1.12112,1.12000,1.12086,3029
2019-07-09 11:00:00,1.12084,1.12139,1.12034,1.12078,982
2019-07-09 15:00:00,1.12075,1.12088,1.12020,1.12038,349
2019-07-09 19:00:00,1.12035,1.12104,1.12026,1.12074,401
2019-07-09 23:00:00,1.12072,1.12268,1.12038,1.12254,2559
2019-07-10 03:00:00,1.12252,1.12554,1.12122,1.12502,5154
2019-07-10 07:00:00,1.12504,1.12643,1.12360,1.12592,6005
2019-07-10 11:00:00,1.12595,1.12619,1.12505,1.12505,1906
2019-07-10 15:00:00,1.12516,1.12652,1.12516,1.12610,790
2019-07-10 19:00:00,1.12612,1.12808,1.12580,1.12758,1171
2019-07-10 23:00:00,1.12760,1.12790,1.12669,1.12736,2110
2019-07-11 03:00:00,1.12734,1.12858,1.12622,1.12676,5291
2019-07-11 07:00:00,1.12678,1.12726,1.12454,1.12546,4718
2019-07-11 11:00:00,1.12548,1.12609,1.12457,1.12537,2496
2019-07-11 15:00:00,1.12542,1.12603,1.12494,1.12588,651
2019-07-11 19:00:00,1.12585,1.12738,1.12580,1.12712,797
2019-07-11 23:00:00,1.12710,1.12750,1.12614,1.12622,2449
2019-07-12 03:00:00,1.12624,1.12670,1.12382,1.12454,3871
2019-07-12 07:00:00,1.12452,1.12678,1.12412,1.12678,3630
2019-07-12 11:00:00,1.12676,1.12742,1.12638,1.12706,1273
2019-07-14 15:00:00,1.12705,1.12746,1.12653,1.12742,600
2019-07-14 19:00:00,1.12744,1.12746,1.12642,1.12722,1211
2019-07-14 23:00:00,1.12720,1.12838,1.12698,1.12730,2075
2019-07-15 03:00:00,1.12727,1.12839,1.12615,1.12656,2142
2019-07-15 07:00:00,1.12654,1.12710,1.12532,1.12590,2594
2019-07-15 11:00:00,1.12592,1.12600,1.12541,1.12578,561
2019-07-15 15:00:00,1.12578,1.12632,1.12576,1.12586,504
2019-07-15 19:00:00,1.12583,1.12635,1.12554,1.12600,620
2019-07-15 23:00:00,1.12598,1.12619,1.12362,1.12452,2041
2019-07-16 03:00:00,1.12450,1.12456,1.12092,1.12195,3696
2019-07-16 07:00:00,1.12193,1.12244,1.12076,1.12124,3122
2019-07-16 11:00:00,1.12128,1.12200,1.12020,1.12102,2038
2019-07-16 15:00:00,1.12105,1.12129,1.12070,1.12116,539
2019-07-16 19:00:00,1.12118,1.12156,1.12078,1.12156,652
2019-07-16 23:00:00,1.12154,1.12174,1.11998,1.12108,2133
2019-07-17 03:00:00,1.12110,1.12222,1.12098,1.12116,2051
2019-07-17 07:00:00,1.12113,1.12336,1.12113,1.12247,2663
2019-07-17 11:00:00,1.12244,1.12311,1.12192,1.12242,1215
2019-07-17 15:00:00,1.12246,1.12388,1.12245,1.12376,619
2019-07-17 19:00:00,1.12378,1.12418,1.12328,1.12366,953
2019-07-17 23:00:00,1.12364,1.12439,1.12340,1.12395,2294
2019-07-18 03:00:00,1.12398,1.12400,1.12052,1.12168,5663
2019-07-18 07:00:00,1.12166,1.12298,1.12132,1.12242,3101
2019-07-18 11:00:00,1.12244,1.12804,1.12223,1.12770,4729
2019-07-18 15:00:00,1.12770,1.12821,1.12402,1.12610,2559
2019-07-18 19:00:00,1.12612,1.12682,1.12585,1.12595,926
2019-07-18 23:00:00,1.12597,1.12655,1.12504,1.12512,2250
2019-07-19 03:00:00,1.12510,1.12524,1.12171,1.12256,2873
2019-07-19 07:00:00,1.12254,1.12388,1.12142,1.12288,4162
2019-07-19 11:00:00,1.12286,1.12300,1.12036,1.12206,3551
2019-07-21 15:00:00,1.12175,1.12202,1.12106,1.12116,806
2019-07-21 19:00:00,1.12114,1.12209,1.12078,1.12180,941
2019-07-21 23:00:00,1.12178,1.12239,1.12121,1.12174,1930
2019-07-22 03:00:00,1.12176,1.12243,1.12070,1.12180,2017
2019-07-22 07:00:00,1.12178,1.12254,1.12123,1.12185,2425
2019-07-22 11:00:00,1.12182,1.12198,1.12063,1.12089,1085
2019-07-22 15:00:00,1.12094,1.12096,1.12034,1.12046,521
2019-07-22 19:00:00,1.12048,1.12048,1.11899,1.11922,933
2019-07-22 23:00:00,1.11920,1.11958,1.11812,1.11830,1942
2019-07-23 03:00:00,1.11828,1.11848,1.11682,1.11690,2326
2019-07-23 07:00:00,1.11692,1.11695,1.11476,1.11506,3025
2019-07-23 11:00:00,1.11504,1.11576,1.11460,1.11515,1435
2019-07-23 15:00:00,1.11518,1.11550,1.11442,1.11484,547
2019-07-23 19:00:00,1.11487,1.11502,1.11429,1.11454,528
2019-07-23 23:00:00,1.11452,1.11556,1.11270,1.11385,3766
2019-07-24 03:00:00,1.11382,1.11553,1.11357,1.11418,3105
2019-07-24 07:00:00,1.11415,1.11558,1.11390,1.11454,3013
2019-07-24 11:00:00,1.11452,1.11462,1.11329,1.11394,1199
2019-07-24 15:00:00,1.11409,1.11434,1.11348,1.11361,525
2019-07-24 19:00:00,1.11364,1.11410,1.11339,1.11347,545
2019-07-24 23:00:00,1.11349,1.11371,1.11224,1.11292,1599
2019-07-25 03:00:00,1.11294,1.11618,1.11014,1.11547,10417
2019-07-25 07:00:00,1.11549,1.11877,1.11325,1.11337,10404
2019-07-25 11:00:00,1.11334,1.11514,1.11266,1.11474,1845
2019-07-25 15:00:00,1.11463,1.11498,1.11425,1.11466,455
2019-07-25 19:00:00,1.11468,1.11512,1.11456,1.11474,460
2019-07-25 23:00:00,1.11478,1.11483,1.11320,1.11356,2353
2019-07-26 03:00:00,1.11358,1.11472,1.11256,1.11333,2789
2019-07-26 07:00:00,1.11336,1.11418,1.11120,1.11219,4763
2019-07-26 11:00:00,1.11217,1.11327,1.11191,1.11280,1271
2019-07-28 15:00:00,1.11252,1.11375,1.11238,1.11366,497
2019-07-28 19:00:00,1.11368,1.11388,1.11259,1.11268,420
2019-07-28 23:00:00,1.11270,1.11287,1.11171,1.11233,1389
2019-07-29 03:00:00,1.11231,1.11284,1.11130,1.11232,2149
2019-07-29 07:00:00,1.11234,1.11436,1.11178,1.11401,3305
2019-07-29 11:00:00,1.11403,1.11508,1.11393,1.11452,1068
2019-07-29 15:00:00,1.11450,1.11471,1.11404,1.11416,552
2019-07-29 19:00:00,1.11418,1.11444,1.11336,1.11370,1075
2019-07-29 23:00:00,1.11372,1.11494,1.11321,1.11468,2563
2019-07-30 03:00:00,1.11470,1.11598,1.11396,1.11540,3202
2019-07-30 07:00:00,1.11542,1.11550,1.11381,1.11522,3429
2019-07-30 11:00:00,1.11520,1.11612,1.11495,1.11557,1101
2019-07-30 15:00:00,1.11552,1.11592,1.11537,1.11537,522
2019-07-30 19:00:00,1.11539,1.11559,1.11480,1.11554,671
2019-07-30 23:00:00,1.11551,1.11620,1.11430,1.11444,2189
2019-07-31 03:00:00,1.11442,1.11528,1.11434,1.11508,1920
2019-07-31 07:00:00,1.11511,1.11518,1.11204,1.11282,4473
2019-07-31 11:00:00,1.11284,1.11389,1.10604,1.10766,19656
2019-07-31 15:00:00,1.10766,1.10823,1.10340,1.10416,2359
2019-07-31 19:00:00,1.10414,1.10532,1.10377,1.10532,1665
2019-07-31 23:00:00,1.10530,1.10537,1.10322,1.10473,3240
2019-08-01 03:00:00,1.10475,1.10502,1.10270,1.10297,4255
2019-08-01 07:00:00,1.10295,1.10698,1.10272,1.10684,6821
2019-08-01 11:00:00,1.10682,1.10958,1.10642,1.10850,11641
2019-08-01 15:00:00,1.10831,1.10966,1.10747,1.10890,1926
2019-08-01 19:00:00,1.10894,1.10947,1.10698,1.10826,3499
2019-08-01 23:00:00,1.10824,1.11152,1.10774,1.10960,5806
2019-08-02 03:00:00,1.10962,1.11070,1.10783,1.10853,6989
2019-08-02 07:00:00,1.10851,1.11158,1.10816,1.11142,8675
2019-08-02 11:00:00,1.11144,1.11164,1.11040,1.11084,2358
2019-08-04 15:00:00,1.11045,1.11326,1.11045,1.11258,1463
2019-08-04 19:00:00,1.11256,1.11320,1.11122,1.11276,3957
2019-08-04 23:00:00,1.11279,1.11475,1.11144,1.11468,4769
2019-08-05 03:00:00,1.11466,1.11844,1.11417,1.11772,4679
2019-08-05 07:00:00,1.11769,1.12132,1.11702,1.12110,6759
2019-08-05 11:00:00,1.12113,1.12119,1.11937,1.12030,3068
2019-08-05 15:00:00,1.12048,1.12496,1.12002,1.12428,2801
2019-08-05 19:00:00,1.12426,1.12426,1.11902,1.12028,3942
2019-08-05 23:00:00,1.12030,1.12187,1.11968,1.11992,5397
2019-08-06 03:00:00,1.11990,1.12052,1.11776,1.11798,2990
2019-08-06 07:00:00,1.11795,1.12058,1.11676,1.11976,5758
2019-08-06 11:00:00,1.11973,1.12066,1.11909,1.12018,2481
2019-08-06 15:00:00,1.12004,1.12176,1.12002,1.12091,1069
2019-08-06 19:00:00,1.12088,1.12196,1.12056,1.12112,2861
2019-08-06 23:00:00,1.12114,1.12121,1.11870,1.11908,3357
2019-08-07 03:00:00,1.11906,1.12086,1.11795,1.12070,4989
2019-08-07 07:00:00,1.12072,1.12418,1.12037,1.12272,10872
2019-08-07 11:00:00,1.12274,1.12311,1.11988,1.11990,5729
2019-08-07 15:00:00,1.11985,1.12138,1.11976,1.12104,1331
2019-08-07 19:00:00,1.12102,1.12124,1.12012,1.12096,1862
2019-08-07 23:00:00,1.12098,1.12278,1.12004,1.12147,2973
2019-08-08 03:00:00,1.12144,1.12206,1.11813,1.12042,3602
2019-08-08 07:00:00,1.12045,1.12313,1.11872,1.12050,9911
2019-08-08 11:00:00,1.12053,1.12106,1.11773,1.11796,3593
2019-08-08 15:00:00,1.11837,1.11946,1.11803,1.11928,1092
2019-08-08 19:00:00,1.11925,1.11971,1.11897,1.11950,841
2019-08-08 23:00:00,1.11952,1.11982,1.11834,1.11942,2583
2019-08-09 03:00:00,1.11944,1.12081,1.11935,1.12018,3307
2019-08-09 07:00:00,1.12020,1.12231,1.11883,1.12112,6495
2019-08-09 11:00:00,1.12110,1.12124,1.11996,1.12001,2104
2019-08-11 15:00:00,1.11980,1.12080,1.11980,1.12052,585
2019-08-11 19:00:00,1.12054,1.12099,1.12034,1.12094,785
2019-08-11 23:00:00,1.12092,1.12112,1.11620,1.11760,4253
2019-08-12 03:00:00,1.11758,1.12140,1.11730,1.12095,4072
2019-08-12 07:00:00,1.12092,1.12308,1.12080,1.12123,3895
2019-08-12 11:00:00,1.12120,1.12234,1.12100,1.12138,1449
2019-08-12 15:00:00,1.12130,1.12204,1.12060,1.12060,946
2019-08-12 19:00:00,1.12058,1.12100,1.11821,1.11901,1455
2019-08-12 23:00:00,1.11899,1.11986,1.11858,1.11920,2949
2019-08-13 03:00:00,1.11922,1.12285,1.11844,1.12168,4725
2019-08-13 07:00:00,1.12171,1.12194,1.11700,1.11798,12047
2019-08-13 11:00:00,1.11795,1.11862,1.11710,1.11716,2385
2019-08-13 15:00:00,1.11712,1.11784,1.11705,1.11780,902
2019-08-13 19:00:00,1.11778,1.11796,1.11692,1.11720,1244
2019-08-13 23:00:00,1.11718,1.11854,1.11650,1.11763,2552
2019-08-14 03:00:00,1.11760,1.11908,1.11659,1.11776,5558
2019-08-14 07:00:00,1.11773,1.11804,1.11358,1.11444,5907
2019-08-14 11:00:00,1.11442,1.11463,1.11307,1.11392,2353
2019-08-14 15:00:00,1.11392,1.11453,1.11347,1.11420,867
2019-08-14 19:00:00,1.11422,1.11518,1.11392,1.11512,1109
2019-08-14 23:00:00,1.11514,1.11538,1.11406,1.11484,3755
2019-08-15 03:00:00,1.11481,1.11584,1.11352,1.11421,7689
2019-08-15 07:00:00,1.11423,1.11448,1.10914,1.10997,8363
2019-08-15 11:00:00,1.10995,1.11191,1.10964,1.11099,2526
2019-08-15 15:00:00,1.11055,1.11123,1.11000,1.11038,965
2019-08-15 19:00:00,1.11040,1.11044,1.10957,1.11036,743
2019-08-15 23:00:00,1.11033,1.11064,1.10817,1.10842,2749
2019-08-16 03:00:00,1.10838,1.10864,1.10665,1.10739,3484
2019-08-16 07:00:00,1.10742,1.11070,1.10687,1.10934,6029
2019-08-16 11:00:00,1.10936,1.11032,1.10892,1.10904,1616
2019-08-18 15:00:00,1.10942,1.11014,1.10879,1.10910,972
2019-08-18 19:00:00,1.10907,1.10944,1.10876,1.10917,528
2019-08-18 23:00:00,1.10920,1.11102,1.10876,1.11023,2512
2019-08-19 03:00:00,1.11026,1.11139,1.10956,1.10994,3302
2019-08-19 07:00:00,1.10992,1.11036,1.10929,1.10936,2016
2019-08-19 11:00:00,1.10934,1.10966,1.10764,1.10782,1201
2019-08-19 15:00:00,1.10784,1.10880,1.10784,1.10848,570
2019-08-19 19:00:00,1.10846,1.10884,1.10839,1.10867,596
2019-08-19 23:00:00,1.10870,1.10874,1.10712,1.10783,2087
2019-08-20 03:00:00,1.10780,1.10846,1.10746,1.10774,2373
2019-08-20 07:00:00,1.10776,1.11000,1.10657,1.10988,4576
2019-08-20 11:00:00,1.10990,1.11068,1.10964,1.11008,1243
2019-08-20 15:00:00,1.10998,1.11031,1.10917,1.10924,683
2019-08-20 19:00:00,1.10928,1.11052,1.10913,1.10941,638
2019-08-20 23:00:00,1.10939,1.11060,1.10879,1.10980,1716
2019-08-21 03:00:00,1.10982,1.11072,1.10942,1.11034,2125
2019-08-21 07:00:00,1.11031,1.11046,1.10923,1.11031,2233
2019-08-21 11:00:00,1.11028,1.11050,1.10809,1.10845,2503
2019-08-21 15:00:00,1.10858,1.10920,1.10842,1.10862,395
2019-08-21 19:00:00,1.10859,1.10902,1.10815,1.10819,432
2019-08-21 23:00:00,1.10816,1.11132,1.10758,1.10988,4481
2019-08-22 03:00:00,1.10986,1.10994,1.10637,1.10799,5481
2019-08-22 07:00:00,1.10801,1.10989,1.10678,1.10820,4737
2019-08-22 11:00:00,1.10818,1.10894,1.10786,1.10796,859
2019-08-22 15:00:00,1.10816,1.10857,1.10794,1.10794,521
2019-08-22 19:00:00,1.10796,1.10804,1.10608,1.10696,823
2019-08-22 23:00:00,1.10693,1.10740,1.10656,1.10676,1986
2019-08-23 03:00:00,1.10678,1.10732,1.10518,1.10634,4278
2019-08-23 07:00:00,1.10632,1.11478,1.10531,1.11386,12346
2019-08-23 11:00:00,1.11388,1.11532,1.11336,1.11434,3293
2019-08-25 15:00:00,1.11522,1.11641,1.11360,1.11432,3285
2019-08-25 19:00:00,1.11430,1.11483,1.11323,1.11432,2704
2019-08-25 23:00:00,1.11430,1.11530,1.11108,1.11147,7662
2019-08-26 03:00:00,1.11144,1.11245,1.11066,1.11114,4635
2019-08-26 07:00:00,1.11117,1.11243,1.11073,1.11098,4919
2019-08-26 11:00:00,1.11096,1.11096,1.10944,1.11002,1868
2019-08-26 15:00:00,1.11026,1.11056,1.10984,1.11036,652
2019-08-26 19:00:00,1.11038,1.11072,1.10981,1.10986,952
2019-08-26 23:00:00,1.10988,1.11160,1.10982,1.11134,3199
2019-08-27 03:00:00,1.11131,1.11154,1.11002,1.11086,3520
2019-08-27 07:00:00,1.11089,1.11091,1.10858,1.10968,5139
2019-08-27 11:00:00,1.10966,1.10968,1.10873,1.10902,1106
2019-08-27 15:00:00,1.10909,1.10951,1.10862,1.10884,710
2019-08-27 19:00:00,1.10886,1.10904,1.10844,1.10868,839
2019-08-27 23:00:00,1.10870,1.10981,1.10827,1.10888,2809
2019-08-28 03:00:00,1.10891,1.10978,1.10802,1.10818,3385
2019-08-28 07:00:00,1.10815,1.10860,1.10732,1.10788,3940
2019-08-28 11:00:00,1.10786,1.10858,1.10749,1.10777,1449
2019-08-28 15:00:00,1.10782,1.10868,1.10782,1.10852,775
2019-08-28 19:00:00,1.10850,1.10876,1.10805,1.10812,583
2019-08-28 23:00:00,1.10814,1.10859,1.10748,1.10766,3123
2019-08-29 03:00:00,1.10764,1.10819,1.10692,1.10705,2903
2019-08-29 07:00:00,1.10708,1.10925,1.10501,1.10530,6638
2019-08-29 11:00:00,1.10528,1.10584,1.10420,1.10568,1797
2019-08-29 15:00:00,1.10568,1.10604,1.10521,1.10538,728
2019-08-29 19:00:00,1.10541,1.10542,1.10424,1.10450,757
2019-08-29 23:00:00,1.10448,1.10517,1.10334,1.10383,3618
2019-08-30 03:00:00,1.10385,1.10458,1.10342,1.10382,2866
2019-08-30 07:00:00,1.10385,1.10495,1.09848,1.09874,6468
2019-08-30 11:00:00,1.09872,1.09948,1.09632,1.09905,3073
2019-09-01 15:00:00,1.09894,1.09968,1.09842,1.09877,1031
2019-09-01 19:00:00,1.09880,1.09932,1.09848,1.09881,651
2019-09-01 23:00:00,1.09883,1.09926,1.09702,1.09728,2394
2019-09-02 03:00:00,1.09730,1.09752,1.09580,1.09656,2319
2019-09-02 07:00:00,1.09659,1.09755,1.09604,1.09737,1648
2019-09-02 11:00:00,1.09734,1.09738,1.09638,1.09698,434
2019-09-02 15:00:00,1.09698,1.09724,1.09514,1.09536,791
2019-09-02 19:00:00,1.09538,1.09538,1.09308,1.09406,1694
2019-09-02 23:00:00,1.09404,1.09514,1.09329,1.09492,4370
2019-09-03 03:00:00,1.09490,1.09490,1.09262,1.09399,3747
2019-09-03 07:00:00,1.09402,1.09788,1.09284,1.09702,7108
2019-09-03 11:00:00,1.09704,1.09756,1.09648,1.09739,1205
2019-09-03 15:00:00,1.09729,1.09793,1.09688,1.09745,797
2019-09-03 19:00:00,1.09742,1.09797,1.09726,1.09748,819
2019-09-03 23:00:00,1.09746,1.10128,1.09732,1.10072,3955
2019-09-04 03:00:00,1.10070,1.10234,1.10036,1.10163,3862
2019-09-04 07:00:00,1.10166,1.10328,1.10100,1.10262,4249
2019-09-04 11:00:00,1.10258,1.10383,1.10222,1.10348,1691
2019-09-04 15:00:00,1.10352,1.10376,1.10310,1.10342,554
2019-09-04 19:00:00,1.10344,1.10392,1.10246,1.10269,1534
2019-09-04 23:00:00,1.10266,1.10444,1.10167,1.10378,3471
2019-09-05 03:00:00,1.10374,1.10672,1.10357,1.10600,4496
2019-09-05 07:00:00,1.10597,1.10848,1.10352,1.10414,5871
2019-09-05 11:00:00,1.10416,1.10434,1.10322,1.10346,1044
2019-09-05 15:00:00,1.10346,1.10387,1.10298,1.10303,488
2019-09-05 19:00:00,1.10305,1.10382,1.10301,1.10378,535
2019-09-05 23:00:00,1.10376,1.10516,1.10363,1.10374,3406
2019-09-06 03:00:00,1.10376,1.10466,1.10204,1.10402,5327
2019-09-06 07:00:00,1.10405,1.10574,1.10270,1.10355,5132
2019-09-06 11:00:00,1.10358,1.10394,1.10247,1.10279,2028
2019-09-08 15:00:00,1.10256,1.10280,1.10156,1.10178,530
2019-09-08 19:00:00,1.10175,1.10296,1.10158,1.10274,705
2019-09-08 23:00:00,1.10272,1.10370,1.10227,1.10339,2059
2019-09-09 03:00:00,1.10337,1.10592,1.10212,1.10433,3888
2019-09-09 07:00:00,1.10436,1.10680,1.10422,1.10599,4222
2019-09-09 11:00:00,1.10601,1.10603,1.10450,1.10472,1159
2019-09-09 15:00:00,1.10472,1.10524,1.10428,1.10430,742
2019-09-09 19:00:00,1.10428,1.10470,1.10405,1.10428,721
2019-09-09 23:00:00,1.10431,1.10594,1.10366,1.10383,3011
2019-09-10 03:00:00,1.10380,1.10470,1.10326,1.10400,2804
2019-09-10 07:00:00,1.10402,1.10522,1.10306,1.10412,3899
2019-09-10 11:00:00,1.10410,1.10488,1.10364,1.10431,1235
2019-09-10 15:00:00,1.10445,1.10553,1.10382,1.10470,1151
2019-09-10 19:00:00,1.10472,1.10556,1.10438,1.10531,878
2019-09-10 23:00:00,1.10528,1.10534,1.10232,1.10256,2330
2019-09-11 03:00:00,1.10258,1.10278,1.09968,1.10006,3343
2019-09-11 07:00:00,1.10010,1.10082,1.09854,1.10070,3639
2019-09-11 11:00:00,1.10068,1.10140,1.10047,1.10104,1111
2019-09-11 15:00:00,1.10096,1.10144,1.10078,1.10106,688
2019-09-11 19:00:00,1.10108,1.10152,1.10088,1.10140,636
2019-09-11 23:00:00,1.10142,1.10326,1.10058,1.10272,2485
2019-09-12 03:00:00,1.10270,1.10692,1.09268,1.09462,14373
2019-09-12 07:00:00,1.09460,1.10796,1.09404,1.10678,18895
2019-09-12 11:00:00,1.10676,1.10873,1.10616,1.10638,2529
2019-09-12 15:00:00,1.10663,1.10675,1.10556,1.10642,682
2019-09-12 19:00:00,1.10640,1.10732,1.10629,1.10694,551
2019-09-12 23:00:00,1.10692,1.11096,1.10680,1.10924,6210
2019-09-13 03:00:00,1.10928,1.11066,1.10792,1.10876,4337
2019-09-13 07:00:00,1.10872,1.10883,1.10609,1.10759,4830
2019-09-13 11:00:00,1.10756,1.10800,1.10670,1.10743,1846
2019-09-15 15:00:00,1.10748,1.10864,1.10704,1.10758,1720
2019-09-15 19:00:00,1.10760,1.10797,1.10703,1.10733,901
2019-09-15 23:00:00,1.10731,1.10822,1.10583,1.10594,3098
2019-09-16 03:00:00,1.10592,1.10694,1.10249,1.10268,3958
2019-09-16 07:00:00,1.10270,1.10272,1.09937,1.10026,4873
2019-09-16 11:00:00,1.10024,1.10114,1.09944,1.10033,1759
2019-09-16 15:00:00,1.10006,1.10118,1.09980,1.10090,954
2019-09-16 19:00:00,1.10093,1.10136,1.10014,1.10128,1442
2019-09-16 23:00:00,1.10130,1.10228,1.09903,1.10149,3749
2019-09-17 03:00:00,1.10152,1.10323,1.10068,1.10270,3405
2019-09-17 07:00:00,1.10268,1.10714,1.10208,1.10696,6970
2019-09-17 11:00:00,1.10694,1.10746,1.10652,1.10724,1565
2019-09-17 15:00:00,1.10718,1.10756,1.10684,1.10698,662
2019-09-17 19:00:00,1.10701,1.10719,1.10644,1.10644,612
2019-09-17 23:00:00,1.10646,1.10687,1.10412,1.10421,3200
2019-09-18 03:00:00,1.10419,1.10576,1.10368,1.10566,2975
2019-09-18 07:00:00,1.10564,1.10684,1.10512,1.10632,3132
2019-09-18 11:00:00,1.10634,1.10680,1.10139,1.10297,9990
2019-09-18 15:00:00,1.10290,1.10363,1.10229,1.10254,749
2019-09-18 19:00:00,1.10252,1.10398,1.10244,1.10390,1698
2019-09-18 23:00:00,1.10392,1.10647,1.10350,1.10589,4462
2019-09-19 03:00:00,1.10592,1.10734,1.10561,1.10670,3845
2019-09-19 07:00:00,1.10668,1.10700,1.10387,1.10456,3454
2019-09-19 11:00:00,1.10458,1.10619,1.10399,1.10408,2417
2019-09-19 15:00:00,1.10413,1.10520,1.10398,1.10507,743
2019-09-19 19:00:00,1.10505,1.10596,1.10502,1.10582,773
2019-09-19 23:00:00,1.10580,1.10676,1.10460,1.10476,2878
2019-09-20 03:00:00,1.10478,1.10542,1.10192,1.10258,3471
2019-09-20 07:00:00,1.10260,1.10262,1.09964,1.10072,5305
2019-09-20 11:00:00,1.10070,1.10218,1.10059,1.10182,2806
2019-09-22 15:00:00,1.10163,1.10199,1.10100,1.10170,719
2019-09-22 19:00:00,1.10172,1.10252,1.10159,1.10226,646
2019-09-22 23:00:00,1.10224,1.10255,1.09662,1.09778,5824
2019-09-23 03:00:00,1.09775,1.09960,1.09666,1.09866,3611
2019-09-23 07:00:00,1.09868,1.09998,1.09800,1.09872,4685
2019-09-23 11:00:00,1.09870,1.09982,1.09861,1.09932,1423
2019-09-23 15:00:00,1.09937,1.09978,1.09894,1.09915,596
2019-09-23 19:00:00,1.09912,1.09936,1.09869,1.09904,696
2019-09-23 23:00:00,1.09902,1.09964,1.09839,1.09942,2932
2019-09-24 03:00:00,1.09944,1.10086,1.09871,1.10067,2776
2019-09-24 07:00:00,1.10064,1.10188,1.09942,1.10144,4966
2019-09-24 11:00:00,1.10142,1.10242,1.09985,1.10200,3844
2019-09-24 15:00:00,1.10205,1.10222,1.10070,1.10077,1131
2019-09-24 19:00:00,1.10080,1.10098,1.09958,1.09958,1329
2019-09-24 23:00:00,1.09960,1.10029,1.09926,1.10018,2444
2019-09-25 03:00:00,1.10016,1.10051,1.09773,1.09862,2927
2019-09-25 07:00:00,1.09860,1.09884,1.09398,1.09432,5810
2019-09-25 11:00:00,1.09430,1.09488,1.09376,1.09431,1883
2019-09-25 15:00:00,1.09431,1.09548,1.09424,1.09518,810
2019-09-25 19:00:00,1.09515,1.09650,1.09515,1.09622,974
2019-09-25 23:00:00,1.09619,1.09619,1.09332,1.09396,2274
2019-09-26 03:00:00,1.09394,1.09558,1.09226,1.09475,4328
2019-09-26 07:00:00,1.09472,1.09675,1.09222,1.09256,5932
2019-09-26 11:00:00,1.09253,1.09336,1.09088,1.09204,2188
2019-09-26 15:00:00,1.09194,1.09231,1.09048,1.09162,1278
2019-09-26 19:00:00,1.09160,1.09258,1.09118,1.09216,871
2019-09-26 23:00:00,1.09220,1.09287,1.09068,1.09239,3164
2019-09-27 03:00:00,1.09237,1.09485,1.09200,1.09374,3205
2019-09-27 07:00:00,1.09372,1.09587,1.09265,1.09443,5746
2019-09-27 11:00:00,1.09445,1.09477,1.09380,1.09404,1554
2019-09-27 15:00:00,1.09410,1.09410,1.09410,1.09410,1
2019-09-29 15:00:00,1.09420,1.09462,1.09356,1.09367,663
2019-09-29 19:00:00,1.09369,1.09374,1.09301,1.09366,686
2019-09-29 23:00:00,1.09364,1.09480,1.09310,1.09336,2447
2019-09-30 03:00:00,1.09334,1.09346,1.08847,1.08986,4042
2019-09-30 07:00:00,1.08984,1.09140,1.08910,1.09032,4830
2019-09-30 11:00:00,1.09029,1.09060,1.08934,1.08986,1462
2019-09-30 15:00:00,1.09002,1.09008,1.08948,1.08962,441
2019-09-30 19:00:00,1.08966,1.08972,1.08859,1.08912,1114
2019-09-30 23:00:00,1.08909,1.08956,1.08792,1.08936,3405
2019-10-01 03:00:00,1.08938,1.09080,1.08894,1.08956,3576
2019-10-01 07:00:00,1.08958,1.09429,1.08846,1.09379,14809
2019-10-01 11:00:00,1.09382,1.09402,1.09253,1.09323,2171
2019-10-01 15:00:00,1.09336,1.09414,1.09298,1.09392,686
2019-10-01 19:00:00,1.09390,1.09400,1.09318,1.09335,656
2019-10-01 23:00:00,1.09333,1.09371,1.09042,1.09054,3019
2019-10-02 03:00:00,1.09051,1.09350,1.09047,1.09307,3733
2019-10-02 07:00:00,1.09309,1.09592,1.09293,1.09584,4830
2019-10-02 11:00:00,1.09586,1.09638,1.09550,1.09590,1859
2019-10-02 15:00:00,1.09602,1.09650,1.09587,1.09604,499
2019-10-02 19:00:00,1.09606,1.09618,1.09552,1.09582,640
2019-10-02 23:00:00,1.09585,1.09738,1.09411,1.09635,3395
2019-10-03 03:00:00,1.09633,1.09706,1.09451,1.09618,3629
2019-10-03 07:00:00,1.09621,1.09994,1.09526,1.09828,7968
2019-10-03 11:00:00,1.09830,1.09870,1.09634,1.09634,2557
2019-10-03 15:00:00,1.09650,1.09792,1.09646,1.09790,726
2019-10-03 19:00:00,1.09792,1.09839,1.09706,1.09710,671
2019-10-03 23:00:00,1.09712,1.09783,1.09644,1.09736,2532
2019-10-04 03:00:00,1.09734,1.09982,1.09572,1.09648,6086
2019-10-04 07:00:00,1.09646,1.09868,1.09594,1.09840,5587
2019-10-04 11:00:00,1.09842,1.09858,1.09724,1.09782,2008
2019-10-06 15:00:00,1.09824,1.09880,1.09736,1.09880,610
2019-10-06 19:00:00,1.09878,1.09900,1.09780,1.09800,659
2019-10-06 23:00:00,1.09802,1.09838,1.09620,1.09642,2538
2019-10-07 03:00:00,1.09644,1.09981,1.09637,1.09978,2488
2019-10-07 07:00:00,1.09976,1.10004,1.09784,1.09827,3406
2019-10-07 11:00:00,1.09830,1.09848,1.09693,1.09708,2389
2019-10-07 15:00:00,1.09708,1.09743,1.09649,1.09689,484
2019-10-07 19:00:00,1.09686,1.09783,1.09664,1.09763,749
2019-10-07 23:00:00,1.09761,1.09918,1.09738,1.09908,2912
2019-10-08 03:00:00,1.09905,1.09962,1.09827,1.09846,3931
2019-10-08 07:00:00,1.09848,1.09865,1.09450,1.09529,4862
2019-10-08 11:00:00,1.09531,1.09625,1.09410,1.09560,5081
2019-10-08 15:00:00,1.09560,1.09609,1.09530,1.09578,442
2019-10-08 19:00:00,1.09580,1.09656,1.09578,1.09624,496
2019-10-08 23:00:00,1.09626,1.09899,1.09557,1.09841,3033
2019-10-09 03:00:00,1.09838,1.09902,1.09718,1.09750,3488
2019-10-09 07:00:00,1.09748,1.09838,1.09702,1.09731,2870
2019-10-09 11:00:00,1.09728,1.09820,1.09678,1.09701,1885
2019-10-09 15:00:00,1.09717,1.09896,1.09713,1.09817,1789
2019-10-09 19:00:00,1.09814,1.09934,1.09798,1.09862,1423
2019-10-09 23:00:00,1.09864,1.10198,1.09830,1.10176,3659
2019-10-10 03:00:00,1.10178,1.10338,1.10138,1.10231,4407
2019-10-10 07:00:00,1.10234,1.10279,1.10024,1.10164,6869
2019-10-10 11:00:00,1.10161,1.10222,1.10030,1.10050,2257
2019-10-10 15:00:00,1.10054,1.10139,1.10048,1.10060,693
2019-10-10 19:00:00,1.10062,1.10195,1.10060,1.10162,681
2019-10-10 23:00:00,1.10158,1.10228,1.10008,1.10096,4074
2019-10-11 03:00:00,1.10099,1.10626,1.10076,1.10458,8032
2019-10-11 07:00:00,1.10460,1.10628,1.10258,1.10505,8641
2019-10-11 11:00:00,1.10502,1.10518,1.10328,1.10384,2799
2019-10-13 15:00:00,1.10330,1.10384,1.10243,1.10279,946
2019-10-13 19:00:00,1.10276,1.10354,1.10248,1.10310,823
2019-10-13 23:00:00,1.10308,1.10336,1.10127,1.10300,3316
2019-10-14 03:00:00,1.10297,1.10428,1.10244,1.10244,2576
2019-10-14 07:00:00,1.10241,1.10306,1.10178,1.10297,3127
2019-10-14 11:00:00,1.10295,1.10328,1.10229,1.10268,787
2019-10-14 15:00:00,1.10278,1.10299,1.10218,1.10254,611
2019-10-14 19:00:00,1.10252,1.10334,1.10250,1.10286,752
2019-10-14 23:00:00,1.10288,1.10461,1.10127,1.10266,4535
2019-10-15 03:00:00,1.10269,1.10269,1.09956,1.10053,4600
2019-10-15 07:00:00,1.10056,1.10445,1.09914,1.10230,9092
2019-10-15 11:00:00,1.10232,1.10381,1.10170,1.10323,1633
2019-10-15 15:00:00,1.10305,1.10356,1.10260,1.10318,708
2019-10-15 19:00:00,1.10321,1.10324,1.10240,1.10302,842
2019-10-15 23:00:00,1.10300,1.10600,1.10294,1.10364,6136
2019-10-16 03:00:00,1.10362,1.10489,1.10224,1.10398,7792
2019-10-16 07:00:00,1.10402,1.10858,1.10388,1.10810,5848
2019-10-16 11:00:00,1.10813,1.10813,1.10649,1.10716,1742
2019-10-16 15:00:00,1.10728,1.10848,1.10714,1.10826,631
2019-10-16 19:00:00,1.10828,1.10843,1.10748,1.10758,645
2019-10-16 23:00:00,1.10760,1.10929,1.10651,1.10898,3650
2019-10-17 03:00:00,1.10902,1.11399,1.10902,1.11174,10504
2019-10-17 07:00:00,1.11172,1.11324,1.11104,1.11262,4838
2019-10-17 11:00:00,1.11265,1.11288,1.11204,1.11244,1364
2019-10-17 15:00:00,1.11244,1.11288,1.11230,1.11283,637
2019-10-17 19:00:00,1.11280,1.11308,1.11212,1.11217,925
2019-10-17 23:00:00,1.11219,1.11314,1.11148,1.11278,2840
2019-10-18 03:00:00,1.11275,1.11500,1.11246,1.11476,2736
2019-10-18 07:00:00,1.11478,1.11596,1.11352,1.11582,4260
2019-10-18 11:00:00,1.11586,1.11724,1.11563,1.11708,1778
2019-10-20 15:00:00,1.11708,1.11708,1.11708,1.11708,3
2019-10-20 19:00:00,1.11622,1.11622,1.11544,1.11576,641
2019-10-20 23:00:00,1.11574,1.11794,1.11498,1.11668,2976
2019-10-21 03:00:00,1.11665,1.11738,1.11602,1.11609,2222
2019-10-21 07:00:00,1.11612,1.11627,1.11386,1.11515,3187
2019-10-21 11:00:00,1.11517,1.11535,1.11451,1.11497,1009
2019-10-21 15:00:00,1.11494,1.11542,1.11450,1.11542,467
2019-10-21 19:00:00,1.11539,1.11569,1.11475,1.11528,588
2019-10-21 23:00:00,1.11530,1.11568,1.11335,1.11412,2365
2019-10-22 03:00:00,1.11410,1.11482,1.11230,1.11268,3136
2019-10-22 07:00:00,1.11271,1.11459,1.11254,1.11406,3275
2019-10-22 11:00:00,1.11408,1.11541,1.11178,1.11252,4329
2019-10-22 15:00:00,1.11252,1.11312,1.11240,1.11261,603
2019-10-22 19:00:00,1.11264,1.11268,1.11160,1.11208,721
2019-10-22 23:00:00,1.11210,1.11287,1.11180,1.11183,2510
2019-10-23 03:00:00,1.11185,1.11252,1.11061,1.11227,2450
2019-10-23 07:00:00,1.11225,1.11246,1.11120,1.11210,2337
2019-10-23 11:00:00,1.11212,1.11404,1.11190,1.11309,1116
2019-10-23 15:00:00,1.11314,1.11334,1.11293,1.11318,425
2019-10-23 19:00:00,1.11316,1.11420,1.11316,1.11345,617
2019-10-23 23:00:00,1.11343,1.11628,1.11242,1.11321,4984
2019-10-24 03:00:00,1.11324,1.11536,1.11202,1.11495,3335
2019-10-24 07:00:00,1.11497,1.11516,1.10931,1.11068,5972
2019-10-24 11:00:00,1.11070,1.11109,1.10996,1.11046,1060
2019-10-24 15:00:00,1.11052,1.11075,1.11012,1.11015,331
2019-10-24 19:00:00,1.11017,1.11054,1.11007,1.11022,345
2019-10-24 23:00:00,1.11025,1.11226,1.11013,1.11208,2067
2019-10-25 03:00:00,1.11206,1.11230,1.10959,1.10999,1979
2019-10-25 07:00:00,1.10996,1.11052,1.10734,1.10737,3166
2019-10-25 11:00:00,1.10735,1.10826,1.10730,1.10795,907
2019-10-27 15:00:00,1.10804,1.10844,1.10772,1.10824,411
2019-10-27 15:00:00,1.10804,1.10844,1.10772,1.10824,411
2019-10-27 19:00:00,1.10822,1.10840,1.10764,1.10828,421
2019-10-27 23:00:00,1.10826,1.10970,1.10818,1.10916,1799
2019-10-28 03:00:00,1.10914,1.11066,1.10871,1.10873,2172
2019-10-28 07:00:00,1.10875,1.10987,1.10844,1.10986,2469
2019-10-28 11:00:00,1.10984,1.11032,1.10968,1.10997,888
2019-10-28 15:00:00,1.10994,1.11023,1.10967,1.10978,440
2019-10-28 19:00:00,1.10976,1.11026,1.10914,1.10928,637
2019-10-28 23:00:00,1.10931,1.10952,1.10773,1.10794,1432
2019-10-29 03:00:00,1.10796,1.10961,1.10737,1.10950,2806
2019-10-29 07:00:00,1.10948,1.11185,1.10927,1.11094,4193
2019-10-29 11:00:00,1.11092,1.11134,1.11049,1.11113,1030
2019-10-29 15:00:00,1.11117,1.11146,1.11068,1.11091,606
2019-10-29 19:00:00,1.11094,1.11124,1.11066,1.11092,509
2019-10-29 23:00:00,1.11090,1.11234,1.11082,1.11192,2053
2019-10-30 03:00:00,1.11194,1.11272,1.11021,1.11144,3503
2019-10-30 07:00:00,1.11146,1.11256,1.11034,1.11208,4377
2019-10-30 11:00:00,1.11211,1.11516,1.10801,1.11503,7794
2019-10-30 15:00:00,1.11499,1.11626,1.11490,1.11624,847
2019-10-30 19:00:00,1.11622,1.11706,1.11596,1.11652,991
2019-10-30 23:00:00,1.11649,1.11756,1.11574,1.11749,2340
2019-10-31 03:00:00,1.11752,1.11752,1.11443,1.11527,5440
2019-10-31 07:00:00,1.11530,1.11589,1.11317,1.11504,5807
2019-10-31 11:00:00,1.11507,1.11542,1.11406,1.11514,1922
2019-10-31 15:00:00,1.11514,1.11566,1.11490,1.11550,575
2019-10-31 19:00:00,1.11552,1.11668,1.11552,1.11643,778
2019-10-31 23:00:00,1.11640,1.11689,1.11551,1.11606,1691
2019-11-01 03:00:00,1.11604,1.11604,1.11282,1.11312,4336
2019-11-01 07:00:00,1.11314,1.11718,1.11314,1.11682,5707
2019-11-01 11:00:00,1.11684,1.11699,1.11589,1.11654,1516
2019-11-03 16:00:00,1.11692,1.11700,1.11597,1.11673,459
2019-11-03 20:00:00,1.11670,1.11736,1.11654,1.11680,457
2019-11-04 00:00:00,1.11678,1.11756,1.11492,1.11650,3339
2019-11-04 04:00:00,1.11648,1.11705,1.11522,1.11562,2525
2019-11-04 08:00:00,1.11564,1.11570,1.11401,1.11412,2791
2019-11-04 12:00:00,1.11414,1.11428,1.11248,1.11282,1209
2019-11-04 16:00:00,1.11282,1.11312,1.11220,1.11255,950
2019-11-04 20:00:00,1.11258,1.11284,1.11128,1.11280,941
2019-11-05 00:00:00,1.11280,1.11403,1.11244,1.11292,2963
2019-11-05 04:00:00,1.11294,1.11314,1.10952,1.10993,3786
2019-11-05 08:00:00,1.10995,1.10997,1.10641,1.10678,5417
2019-11-05 12:00:00,1.10680,1.10754,1.10637,1.10742,1256
2019-11-05 16:00:00,1.10744,1.10758,1.10666,1.10752,741
2019-11-05 20:00:00,1.10754,1.10799,1.10700,1.10760,496
2019-11-06 00:00:00,1.10760,1.10928,1.10723,1.10914,2615
2019-11-06 04:00:00,1.10916,1.10922,1.10771,1.10879,2197
2019-11-06 08:00:00,1.10882,1.10886,1.10651,1.10661,3483
2019-11-06 12:00:00,1.10663,1.10734,1.10652,1.10664,1357
2019-11-06 16:00:00,1.10680,1.10726,1.10634,1.10646,646
2019-11-06 20:00:00,1.10648,1.10656,1.10550,1.10608,766
2019-11-07 00:00:00,1.10608,1.10837,1.10581,1.10779,4136
2019-11-07 04:00:00,1.10776,1.10917,1.10654,1.10672,4440
2019-11-07 08:00:00,1.10675,1.10694,1.10360,1.10409,5212
2019-11-07 12:00:00,1.10412,1.10538,1.10386,1.10498,2223
2019-11-07 16:00:00,1.10494,1.10534,1.10458,1.10518,765
2019-11-07 20:00:00,1.10515,1.10544,1.10470,1.10524,495
2019-11-08 00:00:00,1.10524,1.10555,1.10380,1.10385,2565
2019-11-08 04:00:00,1.10383,1.10481,1.10260,1.10304,3246
2019-11-08 08:00:00,1.10307,1.10328,1.10168,1.10200,3422
2019-11-08 12:00:00,1.10202,1.10245,1.10184,1.10192,700
2019-11-10 16:00:00,1.10246,1.10246,1.10164,1.10183,438
2019-11-10 20:00:00,1.10181,1.10254,1.10172,1.10254,287
2019-11-11 00:00:00,1.10254,1.10334,1.10210,1.10296,1874
2019-11-11 04:00:00,1.10294,1.10430,1.10257,1.10385,2004
2019-11-11 08:00:00,1.10382,1.10416,1.10310,1.10388,1921
2019-11-11 12:00:00,1.10390,1.10394,1.10312,1.10332,628
2019-11-11 16:00:00,1.10332,1.10378,1.10282,1.10283,406
2019-11-11 20:00:00,1.10280,1.10360,1.10266,1.10350,504
2019-11-12 00:00:00,1.10350,1.10386,1.10190,1.10332,2298
2019-11-12 04:00:00,1.10334,1.10366,1.10112,1.10202,2345
2019-11-12 08:00:00,1.10204,1.10228,1.10026,1.10107,3527
2019-11-12 12:00:00,1.10109,1.10150,1.10052,1.10090,1426
2019-11-12 16:00:00,1.10092,1.10142,1.10076,1.10107,1006
2019-11-12 20:00:00,1.10104,1.10161,1.10082,1.10151,553
2019-11-13 00:00:00,1.10151,1.10184,1.09992,1.10154,2319
2019-11-13 04:00:00,1.10152,1.10204,1.10000,1.10076,3067
2019-11-13 08:00:00,1.10073,1.10156,1.09956,1.09991,3175
2019-11-13 12:00:00,1.09988,1.10093,1.09984,1.10068,1338
2019-11-13 16:00:00,1.10054,1.10110,1.10039,1.10044,644
2019-11-13 20:00:00,1.10042,1.10058,1.09952,1.09985,635
2019-11-14 00:00:00,1.09985,1.10158,1.09941,1.10010,2793
2019-11-14 04:00:00,1.10013,1.10043,1.09891,1.09986,2237
2019-11-14 08:00:00,1.09988,1.10206,1.09928,1.10177,2869
2019-11-14 12:00:00,1.10175,1.10277,1.10156,1.10210,1185
2019-11-14 16:00:00,1.10210,1.10270,1.10186,1.10250,638
2019-11-14 20:00:00,1.10248,1.10298,1.10217,1.10217,368
2019-11-15 00:00:00,1.10217,1.10254,1.10147,1.10189,1862
2019-11-15 04:00:00,1.10192,1.10432,1.10189,1.10422,1981
2019-11-15 08:00:00,1.10424,1.10548,1.10376,1.10539,2500
2019-11-15 12:00:00,1.10541,1.10569,1.10509,1.10514,608
2019-11-17 16:00:00,1.10517,1.10589,1.10502,1.10578,437
2019-11-17 20:00:00,1.10580,1.10646,1.10580,1.10612,488
2019-11-18 00:00:00,1.10612,1.10678,1.10548,1.10619,2383
2019-11-18 04:00:00,1.10616,1.10672,1.10542,1.10566,2129
2019-11-18 08:00:00,1.10563,1.10900,1.10556,1.10817,2224
2019-11-18 12:00:00,1.10814,1.10832,1.10714,1.10733,631
2019-11-18 16:00:00,1.10718,1.10741,1.10627,1.10697,459
2019-11-18 20:00:00,1.10700,1.10786,1.10692,1.10754,322
2019-11-19 00:00:00,1.10754,1.10816,1.10644,1.10686,1938
2019-11-19 04:00:00,1.10683,1.10815,1.10656,1.10776,1487
2019-11-19 08:00:00,1.10774,1.10840,1.10722,1.10804,2393
2019-11-19 12:00:00,1.10806,1.10830,1.10760,1.10783,695
2019-11-19 16:00:00,1.10776,1.10813,1.10704,1.10724,827
2019-11-19 20:00:00,1.10720,1.10772,1.10702,1.10742,469
2019-11-20 00:00:00,1.10742,1.10742,1.10559,1.10638,2057
2019-11-20 04:00:00,1.10636,1.10688,1.10532,1.10640,1852
2019-11-20 08:00:00,1.10637,1.10813,1.10582,1.10668,3284
2019-11-20 12:00:00,1.10666,1.10750,1.10631,1.10724,1923
2019-11-20 16:00:00,1.10731,1.10794,1.10729,1.10772,647
2019-11-20 20:00:00,1.10775,1.10788,1.10742,1.10760,515
2019-11-21 00:00:00,1.10758,1.10890,1.10708,1.10864,2002
2019-11-21 04:00:00,1.10861,1.10970,1.10756,1.10761,2371
2019-11-21 08:00:00,1.10758,1.10823,1.10606,1.10626,2974
2019-11-21 12:00:00,1.10624,1.10627,1.10522,1.10582,1006
2019-11-21 16:00:00,1.10587,1.10659,1.10568,1.10643,486
2019-11-21 20:00:00,1.10641,1.10671,1.10618,1.10662,200
2019-11-22 00:00:00,1.10662,1.10876,1.10472,1.10608,5018
2019-11-22 04:00:00,1.10610,1.10674,1.10513,1.10580,2197
2019-11-22 08:00:00,1.10584,1.10598,1.10222,1.10238,2821
2019-11-22 12:00:00,1.10236,1.10292,1.10146,1.10198,1043
2019-11-24 16:00:00,1.10176,1.10248,1.10169,1.10234,584
2019-11-24 20:00:00,1.10236,1.10302,1.10186,1.10294,572
2019-11-25 00:00:00,1.10294,1.10322,1.10103,1.10134,2406
2019-11-25 04:00:00,1.10132,1.10186,1.10056,1.10167,1507
2019-11-25 08:00:00,1.10164,1.10250,1.10036,1.10056,2915
2019-11-25 12:00:00,1.10054,1.10136,1.10046,1.10115,920
2019-11-25 16:00:00,1.10137,1.10160,1.10074,1.10121,817
2019-11-25 20:00:00,1.10123,1.10166,1.10090,1.10148,572
2019-11-26 00:00:00,1.10148,1.10200,1.10114,1.10144,2019
2019-11-26 04:00:00,1.10142,1.10248,1.10136,1.10174,1721
2019-11-26 08:00:00,1.10176,1.10220,1.10072,1.10201,3080
2019-11-26 12:00:00,1.10203,1.10256,1.10175,1.10216,852
2019-11-26 16:00:00,1.10214,1.10246,1.10154,1.10162,484
2019-11-26 20:00:00,1.10158,1.10180,1.10082,1.10096,310
2019-11-27 00:00:00,1.10096,1.10142,1.10029,1.10094,1803
2019-11-27 04:00:00,1.10092,1.10136,1.09988,1.10021,2366
2019-11-27 08:00:00,1.10019,1.10059,1.09924,1.10003,2914
2019-11-27 12:00:00,1.10000,1.10074,1.09972,1.09988,1281
2019-11-27 16:00:00,1.10044,1.10109,1.10001,1.10072,765
2019-11-27 20:00:00,1.10076,1.10081,1.10042,1.10068,260
2019-11-28 00:00:00,1.10068,1.10178,1.10056,1.10139,1467
2019-11-28 04:00:00,1.10136,1.10155,1.10005,1.10082,1708
2019-11-28 08:00:00,1.10080,1.10100,1.10022,1.10080,796
2019-11-28 12:00:00,1.10078,1.10110,1.10062,1.10091,1488
2019-11-28 16:00:00,1.10101,1.10124,1.10084,1.10116,371
2019-11-28 20:00:00,1.10118,1.10128,1.10091,1.10104,367
2019-11-29 00:00:00,1.10106,1.10134,1.10021,1.10048,1342
2019-11-29 04:00:00,1.10050,1.10072,1.09812,1.09926,1857
2019-11-29 08:00:00,1.09924,1.10284,1.09900,1.10161,3273
2019-11-29 12:00:00,1.10163,1.10234,1.10157,1.10191,462
2019-12-01 16:00:00,1.10242,1.10268,1.10154,1.10182,532
2019-12-01 20:00:00,1.10185,1.10211,1.10168,1.10192,327
2019-12-02 00:00:00,1.10192,1.10226,1.10113,1.10144,2079
2019-12-02 04:00:00,1.10146,1.10367,1.10031,1.10328,2014
2019-12-02 08:00:00,1.10330,1.10898,1.10330,1.10751,4867
2019-12-02 12:00:00,1.10749,1.10850,1.10704,1.10792,1214
2019-12-02 16:00:00,1.10792,1.10834,1.10715,1.10724,612
2019-12-02 20:00:00,1.10722,1.10782,1.10714,1.10734,380
2019-12-03 00:00:00,1.10734,1.10870,1.10722,1.10838,2058
2019-12-03 04:00:00,1.10840,1.10860,1.10660,1.10724,2903
2019-12-03 08:00:00,1.10722,1.10936,1.10700,1.10884,3463
2019-12-03 12:00:00,1.10882,1.10907,1.10794,1.10822,887
2019-12-03 16:00:00,1.10822,1.10844,1.10768,1.10794,470
2019-12-03 20:00:00,1.10792,1.10812,1.10738,1.10754,363
2019-12-04 00:00:00,1.10754,1.10879,1.10668,1.10724,3065
2019-12-04 04:00:00,1.10726,1.11077,1.10675,1.11072,3091
2019-12-04 08:00:00,1.11075,1.11163,1.10684,1.10779,5101
2019-12-04 12:00:00,1.10776,1.10804,1.10674,1.10775,1065
2019-12-04 16:00:00,1.10780,1.10854,1.10780,1.10842,585
2019-12-04 20:00:00,1.10840,1.10868,1.10813,1.10832,328
2019-12-05 00:00:00,1.10832,1.10930,1.10794,1.10924,1848
2019-12-05 04:00:00,1.10920,1.11009,1.10846,1.10929,2243
2019-12-05 08:00:00,1.10932,1.11078,1.10905,1.11048,2862
2019-12-05 12:00:00,1.11046,1.11080,1.10962,1.11040,1275
2019-12-05 16:00:00,1.11040,1.11070,1.11030,1.11065,380
2019-12-05 20:00:00,1.11068,1.11090,1.11062,1.11064,263
2019-12-06 00:00:00,1.11064,1.11096,1.10954,1.10968,1415
2019-12-06 04:00:00,1.10966,1.11014,1.10692,1.10782,3638
2019-12-06 08:00:00,1.10784,1.10790,1.10400,1.10548,3800
2019-12-06 12:00:00,1.10546,1.10620,1.10505,1.10599,726
2019-12-08 16:00:00,1.10599,1.10599,1.10544,1.10572,365
2019-12-08 20:00:00,1.10570,1.10598,1.10534,1.10588,265
2019-12-09 00:00:00,1.10588,1.10692,1.10586,1.10654,1436
2019-12-09 04:00:00,1.10652,1.10780,1.10612,1.10754,1333
2019-12-09 08:00:00,1.10756,1.10770,1.10552,1.10568,1814
2019-12-09 12:00:00,1.10566,1.10658,1.10556,1.10638,671
2019-12-09 16:00:00,1.10642,1.10684,1.10629,1.10678,439
2019-12-09 20:00:00,1.10680,1.10709,1.10657,1.10670,334
2019-12-10 00:00:00,1.10670,1.10782,1.10651,1.10772,1345
2019-12-10 04:00:00,1.10768,1.10846,1.10700,1.10787,2005
2019-12-10 08:00:00,1.10785,1.10967,1.10741,1.10866,2853
2019-12-10 12:00:00,1.10868,1.10977,1.10846,1.10932,1039
2019-12-10 16:00:00,1.10926,1.10960,1.10891,1.10954,740
2019-12-10 20:00:00,1.10952,1.10954,1.10884,1.10895,299
2019-12-11 00:00:00,1.10895,1.10900,1.10794,1.10836,1601
2019-12-11 04:00:00,1.10834,1.10905,1.10704,1.10855,2061
2019-12-11 08:00:00,1.10858,1.10976,1.10833,1.10924,2416
2019-12-11 12:00:00,1.10926,1.11448,1.10880,1.11299,4792
2019-12-11 16:00:00,1.11302,1.11402,1.11302,1.11400,548
2019-12-11 20:00:00,1.11402,1.11443,1.11374,1.11398,437
2019-12-12 00:00:00,1.11398,1.11417,1.11248,1.11276,1533
2019-12-12 04:00:00,1.11274,1.11544,1.11268,1.11386,4119
2019-12-12 08:00:00,1.11388,1.11484,1.11082,1.11101,6461
2019-12-12 12:00:00,1.11104,1.11350,1.11030,1.11308,3784
2019-12-12 16:00:00,1.11540,1.11996,1.11540,1.11768,6580
2019-12-12 20:00:00,1.11770,1.11812,1.11702,1.11744,1290
2019-12-13 00:00:00,1.11746,1.11819,1.11630,1.11802,4879
2019-12-13 04:00:00,1.11804,1.11860,1.11666,1.11698,3516
2019-12-13 08:00:00,1.11696,1.11729,1.11123,1.11156,10147
2019-12-13 12:00:00,1.11158,1.11227,1.11122,1.11209,1434
2019-12-15 16:00:00,1.11289,1.11312,1.11229,1.11282,1094
2019-12-15 20:00:00,1.11284,1.11366,1.11282,1.11349,499
2019-12-16 00:00:00,1.11349,1.11506,1.11262,1.11346,3556
2019-12-16 04:00:00,1.11349,1.11546,1.11337,1.11535,2010
2019-12-16 08:00:00,1.11532,1.11580,1.11350,1.11430,2475
2019-12-16 12:00:00,1.11432,1.11480,1.11414,1.11440,814
2019-12-16 16:00:00,1.11456,1.11502,1.11342,1.11393,1073
2019-12-16 16:00:00,1.11456,1.11502,1.11342,1.11393,1073
2019-12-16 20:00:00,1.11395,1.11494,1.11395,1.11474,407
2019-12-17 00:00:00,1.11476,1.11520,1.11294,1.11499,2819
2019-12-17 04:00:00,1.11501,1.11746,1.11446,1.11462,3617
2019-12-17 08:00:00,1.11464,1.11580,1.11460,1.11518,2878
2019-12-17 12:00:00,1.11520,1.11537,1.11458,1.11509,905
2019-12-17 16:00:00,1.11503,1.11542,1.11391,1.11409,603
2019-12-17 20:00:00,1.11412,1.11423,1.11292,1.11350,756
2019-12-18 00:00:00,1.11350,1.11426,1.11264,1.11333,2134
2019-12-18 04:00:00,1.11330,1.11366,1.11106,1.11174,2393
2019-12-18 08:00:00,1.11176,1.11342,1.11117,1.11182,2787
2019-12-18 12:00:00,1.11184,1.11206,1.11130,1.11138,838
2019-12-18 16:00:00,1.11134,1.11248,1.11132,1.11236,629
2019-12-18 20:00:00,1.11234,1.11326,1.11232,1.11270,479
2019-12-19 00:00:00,1.11270,1.11392,1.11245,1.11366,1927
2019-12-19 04:00:00,1.11364,1.11443,1.11101,1.11150,3507
2019-12-19 08:00:00,1.11147,1.11306,1.11074,1.11252,3671
2019-12-19 12:00:00,1.11254,1.11294,1.11174,1.11208,904
2019-12-19 16:00:00,1.11219,1.11252,1.11160,1.11186,619
2019-12-19 20:00:00,1.11184,1.11202,1.11138,1.11195,466
2019-12-20 00:00:00,1.11195,1.11237,1.11149,1.11207,1941
2019-12-20 04:00:00,1.11205,1.11222,1.10860,1.10914,2849
2019-12-20 08:00:00,1.10916,1.10918,1.10679,1.10687,2489
2019-12-20 12:00:00,1.10684,1.10787,1.10664,1.10765,918
2019-12-22 16:00:00,1.10810,1.10812,1.10730,1.10784,588
2019-12-22 20:00:00,1.10782,1.10832,1.10748,1.10822,351
2019-12-23 00:00:00,1.10822,1.10887,1.10803,1.10837,1732
2019-12-23 04:00:00,1.10834,1.10882,1.10700,1.10803,2411
2019-12-23 08:00:00,1.10800,1.10958,1.10768,1.10910,2385
2019-12-23 12:00:00,1.10908,1.10949,1.10874,1.10896,787
2019-12-23 16:00:00,1.10896,1.10940,1.10871,1.10878,581
2019-12-23 20:00:00,1.10880,1.10898,1.10853,1.10895,389
2019-12-24 00:00:00,1.10895,1.10899,1.10751,1.10751,1859
2019-12-24 04:00:00,1.10749,1.10852,1.10691,1.10782,1837
2019-12-24 08:00:00,1.10784,1.10934,1.10778,1.10878,1523
2019-12-24 12:00:00,1.10876,1.10890,1.10815,1.10882,998
2019-12-25 16:00:00,1.10882,1.10952,1.10882,1.10912,408
2019-12-25 20:00:00,1.10910,1.10942,1.10885,1.10901,258
2019-12-26 00:00:00,1.10901,1.10964,1.10862,1.10917,401
2019-12-26 04:00:00,1.10920,1.11000,1.10824,1.10983,708
2019-12-26 08:00:00,1.10981,1.11049,1.10900,1.11027,748
2019-12-26 12:00:00,1.11024,1.11090,1.10956,1.10966,654
2019-12-26 16:00:00,1.10986,1.11099,1.10964,1.11093,763
2019-12-26 20:00:00,1.11090,1.11222,1.11084,1.11209,832
2019-12-27 00:00:00,1.11209,1.11418,1.11176,1.11386,2828
2019-12-27 04:00:00,1.11384,1.11592,1.11366,1.11534,2851
2019-12-27 08:00:00,1.11537,1.11843,1.11520,1.11838,3513
2019-12-27 12:00:00,1.11836,1.11883,1.11710,1.11758,1370
2019-12-29 16:00:00,1.11773,1.11954,1.11718,1.11948,1060
2019-12-29 20:00:00,1.11944,1.12108,1.11918,1.12028,1031
2019-12-30 00:00:00,1.12028,1.12058,1.11901,1.11994,2870
2019-12-30 04:00:00,1.11992,1.12024,1.11818,1.11950,2771
2019-12-30 08:00:00,1.11947,1.12208,1.11886,1.12107,4114
2019-12-30 12:00:00,1.12109,1.12124,1.11965,1.11992,1066
2019-12-30 16:00:00,1.12012,1.12138,1.11980,1.12126,722
